bioguide_id,name_to_query,state_to_query,bioname_dwnom,first_congress,last_congress,state_dwnom_1,state_dwnom_2,last_name,first_name,middle_name,suffix,nickname,full_name,birthday,gender,type,state,district,senate_class,party,url,address,phone,contact_form,rss_url,twitter,twitter_id,facebook,youtube,youtube_id,mastodon,thomas_id,opensecrets_id,lis_id,fec_ids,cspan_id,govtrack_id,votesmart_id,ballotpedia_id,washington_post_id,icpsr,wikipedia_id,combined_name_govtrack,_merge
N000079,Walter Newton,MN,,,,,,,,,,,,,,,,,,,,,,,,,,,,,,,,,,,,,,,,,,
O000126,Peter J. Otey,VA,,,,,,,,,,,,,,,,,,,,,,,,,,,,,,,,,,,,,,,,,,
S000842,Halvor Steenerson,MN,,,,,,,,,,,,,,,,,,,,,,,,,,,,,,,,,,,,,,,,,,
K000061,Patrick H. Kelley,MI,,,,,,,,,,,,,,,,,,,,,,,,,,,,,,,,,,,,,,,,,,
C000361,Carl R. Chindblom,IL,,,,,,,,,,,,,,,,,,,,,,,,,,,,,,,,,,,,,,,,,,
S001133,George G. Symes,CO,,,,,,,,,,,,,,,,,,,,,,,,,,,,,,,,,,,,,,,,,,
K000341,John C. Kunkel,PA,,,,,,,,,,,,,,,,,,,,,,,,,,,,,,,,,,,,,,,,,,
F000165,John J. Fitzgerald,NY,,,,,,,,,,,,,,,,,,,,,,,,,,,,,,,,,,,,,,,,,,
R000070,George W. Rauch,IN,,,,,,,,,,,,,,,,,,,,,,,,,,,,,,,,,,,,,,,,,,
T000433,Charles Murray Turpin,PA,,,,,,,,,,,,,,,,,,,,,,,,,,,,,,,,,,,,,,,,,,
F000427,Benjamin F. Funk,IL,,,,,,,,,,,,,,,,,,,,,,,,,,,,,,,,,,,,,,,,,,
P000256,Samuel R. Peters,KS,,,,,,,,,,,,,,,,,,,,,,,,,,,,,,,,,,,,,,,,,,
B000954,Charles Browne (politician),NJ,,,,,,,,,,,,,,,,,,,,,,,,,,,,,,,,,,,,,,,,,,
G000190,Michael Joseph Gill,MO,,,,,,,,,,,,,,,,,,,,,,,,,,,,,,,,,,,,,,,,,,
M001021,Rogers Morton,MD,,,,,,,,,,,,,,,,,,,,,,,,,,,,,,,,,,,,,,,,,,
S000206,Thomas J. Scully,NJ,,,,,,,,,,,,,,,,,,,,,,,,,,,,,,,,,,,,,,,,,,
P000194,Herbert Pell,NY,,,,,,,,,,,,,,,,,,,,,,,,,,,,,,,,,,,,,,,,,,
P000495,Anning Smith Prall,NY,,,,,,,,,,,,,,,,,,,,,,,,,,,,,,,,,,,,,,,,,,
B000332,C. Jasper Bell,MO,,,,,,,,,,,,,,,,,,,,,,,,,,,,,,,,,,,,,,,,,,
W000347,John J. Whitacre,OH,,,,,,,,,,,,,,,,,,,,,,,,,,,,,,,,,,,,,,,,,,
R000508,Donald Rumsfeld,IL,,,,,,,,,,,,,,,,,,,,,,,,,,,,,,,,,,,,,,,,,,
B000703,Charles Calvin Bowman,PA,,,,,,,,,,,,,,,,,,,,,,,,,,,,,,,,,,,,,,,,,,
B000267,Joseph Grant Beale,PA,,,,,,,,,,,,,,,,,,,,,,,,,,,,,,,,,,,,,,,,,,
B001091,J. Herbert Burke,FL,,,,,,,,,,,,,,,,,,,,,,,,,,,,,,,,,,,,,,,,,,
F000307,John H. Foster,IN,,,,,,,,,,,,,,,,,,,,,,,,,,,,,,,,,,,,,,,,,,
H000231,Vincent F. Harrington,IA,,,,,,,,,,,,,,,,,,,,,,,,,,,,,,,,,,,,,,,,,,
B001205,William D. Bynum,IN,,,,,,,,,,,,,,,,,,,,,,,,,,,,,,,,,,,,,,,,,,
M000691,Anthony Michalek,IL,,,,,,,,,,,,,,,,,,,,,,,,,,,,,,,,,,,,,,,,,,
P000396,Frank Plumley,VT,,,,,,,,,,,,,,,,,,,,,,,,,,,,,,,,,,,,,,,,,,
K000315,Herman P. Kopplemann,CT,,,,,,,,,,,,,,,,,,,,,,,,,,,,,,,,,,,,,,,,,,
B000609,William P. Bolton,MD,,,,,,,,,,,,,,,,,,,,,,,,,,,,,,,,,,,,,,,,,,
M000417,Alexander McDowell,PA,,,,,,,,,,,,,,,,,,,,,,,,,,,,,,,,,,,,,,,,,,
D000207,Milton De Lano,NY,,,,,,,,,,,,,,,,,,,,,,,,,,,,,,,,,,,,,,,,,,
B001124,George Burnham,CA,,,,,,,,,,,,,,,,,,,,,,,,,,,,,,,,,,,,,,,,,,
M001006,William W. Morrow,CA,,,,,,,,,,,,,,,,,,,,,,,,,,,,,,,,,,,,,,,,,,
M000859,Mike Monroney,OK,,,,,,,,,,,,,,,,,,,,,,,,,,,,,,,,,,,,,,,,,,
Z000009,Orville Zimmerman,MO,,,,,,,,,,,,,,,,,,,,,,,,,,,,,,,,,,,,,,,,,,
C000645,William M. Colmer,MS,,,,,,,,,,,,,,,,,,,,,,,,,,,,,,,,,,,,,,,,,,
W000277,Royal Hurlburt Weller,NY,,,,,,,,,,,,,,,,,,,,,,,,,,,,,,,,,,,,,,,,,,
G000004,Harry C. Gahn,OH,,,,,,,,,,,,,,,,,,,,,,,,,,,,,,,,,,,,,,,,,,
F000400,James F. Fulbright,MO,,,,,,,,,,,,,,,,,,,,,,,,,,,,,,,,,,,,,,,,,,
W000756,Charles Frederick Wright,PA,,,,,,,,,,,,,,,,,,,,,,,,,,,,,,,,,,,,,,,,,,
M000517,Richard F. McKiniry,NY,,,,,,,,,,,,,,,,,,,,,,,,,,,,,,,,,,,,,,,,,,
P000441,Henry Kirke Porter,PA,,,,,,,,,,,,,,,,,,,,,,,,,,,,,,,,,,,,,,,,,,
C000087,James E. Campbell,OH,,,,,,,,,,,,,,,,,,,,,,,,,,,,,,,,,,,,,,,,,,
M000470,John Geiser McHenry,PA,,,,,,,,,,,,,,,,,,,,,,,,,,,,,,,,,,,,,,,,,,
T000023,Charles A. Talcott,NY,,,,,,,,,,,,,,,,,,,,,,,,,,,,,,,,,,,,,,,,,,
D000246,David S. Dennison Jr.,OH,,,,,,,,,,,,,,,,,,,,,,,,,,,,,,,,,,,,,,,,,,
W000706,William R. Wood (Indiana politician),IN,,,,,,,,,,,,,,,,,,,,,,,,,,,,,,,,,,,,,,,,,,
C000460,Frank Gay Clarke,NH,,,,,,,,,,,,,,,,,,,,,,,,,,,,,,,,,,,,,,,,,,
D000169,Joseph T. Deal,VA,,,,,,,,,,,,,,,,,,,,,,,,,,,,,,,,,,,,,,,,,,
G000338,Ed Gossett,TX,,,,,,,,,,,,,,,,,,,,,,,,,,,,,,,,,,,,,,,,,,
H000898,Walter B. Huber,OH,,,,,,,,,,,,,,,,,,,,,,,,,,,,,,,,,,,,,,,,,,
B000608,Oliver P. Bolton,OH,,,,,,,,,,,,,,,,,,,,,,,,,,,,,,,,,,,,,,,,,,
M001087,Arthur P. Murphy,MO,,,,,,,,,,,,,,,,,,,,,,,,,,,,,,,,,,,,,,,,,,
B000909,Clarence J. Brown,OH,,,,,,,,,,,,,,,,,,,,,,,,,,,,,,,,,,,,,,,,,,
J000051,Ollie Murray James,KY,,,,,,,,,,,,,,,,,,,,,,,,,,,,,,,,,,,,,,,,,,
R000163,Alexander J. Resa,IL,,,,,,,,,,,,,,,,,,,,,,,,,,,,,,,,,,,,,,,,,,
B000726,John J. Boylan,NY,,,,,,,,,,,,,,,,,,,,,,,,,,,,,,,,,,,,,,,,,,
G000297,Angier Goodwin,MA,,,,,,,,,,,,,,,,,,,,,,,,,,,,,,,,,,,,,,,,,,
V000105,Carl Vinson,GA,,,,,,,,,,,,,,,,,,,,,,,,,,,,,,,,,,,,,,,,,,
S000548,Henry P. Smith III,NY,,,,,,,,,,,,,,,,,,,,,,,,,,,,,,,,,,,,,,,,,,
D000132,Robert Wyche Davis,FL,,,,,,,,,,,,,,,,,,,,,,,,,,,,,,,,,,,,,,,,,,
M000038,Martin B. Madden,IL,,,,,,,,,,,,,,,,,,,,,,,,,,,,,,,,,,,,,,,,,,
C000263,Elford Albin Cederberg,MI,,,,,,,,,,,,,,,,,,,,,,,,,,,,,,,,,,,,,,,,,,
H000633,William H. Hinebaugh,IL,,,,,,,,,,,,,,,,,,,,,,,,,,,,,,,,,,,,,,,,,,
B000119,Parke M. Banta,MO,,,,,,,,,,,,,,,,,,,,,,,,,,,,,,,,,,,,,,,,,,
T000321,David Towell,NV,,,,,,,,,,,,,,,,,,,,,,,,,,,,,,,,,,,,,,,,,,
H000112,John M. Hamilton,WV,,,,,,,,,,,,,,,,,,,,,,,,,,,,,,,,,,,,,,,,,,
W000144,William L. Ward,NY,,,,,,,,,,,,,,,,,,,,,,,,,,,,,,,,,,,,,,,,,,
J000060,Benjamin Jarrett,PA,,,,,,,,,,,,,,,,,,,,,,,,,,,,,,,,,,,,,,,,,,
J000133,Glen D. Johnson,OK,,,,,,,,,,,,,,,,,,,,,,,,,,,,,,,,,,,,,,,,,,
M000363,Paul G. McCorkle,SC,,,,,,,,,,,,,,,,,,,,,,,,,,,,,,,,,,,,,,,,,,
A000031,Brock Adams,WA,,,,,,,,,,,,,,,,,,,,,,,,,,,,,,,,,,,,,,,,,,
S000659,Donald F. Snow,ME,,,,,,,,,,,,,,,,,,,,,,,,,,,,,,,,,,,,,,,,,,
Q000007,Dan Quayle,IN,,,,,,,,,,,,,,,,,,,,,,,,,,,,,,,,,,,,,,,,,,
M000384,William Wallace McCredie,WA,,,,,,,,,,,,,,,,,,,,,,,,,,,,,,,,,,,,,,,,,,
S000345,James S. Sherman,NY,,,,,,,,,,,,,,,,,,,,,,,,,,,,,,,,,,,,,,,,,,
F000382,Oliver W. Frey,PA,,,,,,,,,,,,,,,,,,,,,,,,,,,,,,,,,,,,,,,,,,
F000007,Louis W. Fairfield,IN,,,,,,,,,,,,,,,,,,,,,,,,,,,,,,,,,,,,,,,,,,
N000152,John N. Norton,NE,,,,,,,,,,,,,,,,,,,,,,,,,,,,,,,,,,,,,,,,,,
G000016,Cornelius Gallagher (American politician),NJ,,,,,,,,,,,,,,,,,,,,,,,,,,,,,,,,,,,,,,,,,,
W000582,George H. Wilson,OK,,,,,,,,,,,,,,,,,,,,,,,,,,,,,,,,,,,,,,,,,,
S000538,George J. Smith,NY,,,,,,,,,,,,,,,,,,,,,,,,,,,,,,,,,,,,,,,,,,
B000607,Frances P. Bolton,OH,,,,,,,,,,,,,,,,,,,,,,,,,,,,,,,,,,,,,,,,,,
C000384,Charles A. Christopherson,SD,,,,,,,,,,,,,,,,,,,,,,,,,,,,,,,,,,,,,,,,,,
O000062,William Allan Oldfield,AR,,,,,,,,,,,,,,,,,,,,,,,,,,,,,,,,,,,,,,,,,,
H000471,Robert W. Hemphill,SC,,,,,,,,,,,,,,,,,,,,,,,,,,,,,,,,,,,,,,,,,,
J000135,Harold T. Johnson,CA,,,,,,,,,,,,,,,,,,,,,,,,,,,,,,,,,,,,,,,,,,
F000180,William H. Flack,NY,,,,,,,,,,,,,,,,,,,,,,,,,,,,,,,,,,,,,,,,,,
W000767,Myron Benjamin Wright,PA,,,,,,,,,,,,,,,,,,,,,,,,,,,,,,,,,,,,,,,,,,
M000962,Theodore L. Moritz,PA,,,,,,,,,,,,,,,,,,,,,,,,,,,,,,,,,,,,,,,,,,
J000121,Calvin D. Johnson,IL,,,,,,,,,,,,,,,,,,,,,,,,,,,,,,,,,,,,,,,,,,
B000341,John Calhoun Bell,CO,,,,,,,,,,,,,,,,,,,,,,,,,,,,,,,,,,,,,,,,,,
C000069,Anthony Caminetti,CA,,,,,,,,,,,,,,,,,,,,,,,,,,,,,,,,,,,,,,,,,,
O000056,Joseph P. O'Hara,MN,,,,,,,,,,,,,,,,,,,,,,,,,,,,,,,,,,,,,,,,,,
C000001,Thomas Banks Cabaniss,GA,,,,,,,,,,,,,,,,,,,,,,,,,,,,,,,,,,,,,,,,,,
S000279,John F. Shafroth,CO,,,,,,,,,,,,,,,,,,,,,,,,,,,,,,,,,,,,,,,,,,
J000045,Benjamin F. James,PA,,,,,,,,,,,,,,,,,,,,,,,,,,,,,,,,,,,,,,,,,,
P000262,John B. Peterson,IN,,,,,,,,,,,,,,,,,,,,,,,,,,,,,,,,,,,,,,,,,,
A000290,Laurence F. Arnold,IL,,,,,,,,,,,,,,,,,,,,,,,,,,,,,,,,,,,,,,,,,,
S000418,James S. Simmons (New York politician),NY,,,,,,,,,,,,,,,,,,,,,,,,,,,,,,,,,,,,,,,,,,
B000978,George F. Brumm,PA,,,,,,,,,,,,,,,,,,,,,,,,,,,,,,,,,,,,,,,,,,
G000014,Richard P. Gale,MN,,,,,,,,,,,,,,,,,,,,,,,,,,,,,,,,,,,,,,,,,,
D000455,Lewis Williams Douglas,AZ,,,,,,,,,,,,,,,,,,,,,,,,,,,,,,,,,,,,,,,,,,
B000770,William Gordon Brantley,GA,,,,,,,,,,,,,,,,,,,,,,,,,,,,,,,,,,,,,,,,,,
H000530,Syd Herlong,FL,,,,,,,,,,,,,,,,,,,,,,,,,,,,,,,,,,,,,,,,,,
O000014,Joseph J. O'Brien,NY,,,,,,,,,,,,,,,,,,,,,,,,,,,,,,,,,,,,,,,,,,
D000497,Edmund H. Driggs,NY,,,,,,,,,,,,,,,,,,,,,,,,,,,,,,,,,,,,,,,,,,
L000077,Henderson Lovelace Lanham,GA,,,,,,,,,,,,,,,,,,,,,,,,,,,,,,,,,,,,,,,,,,
R000223,James M. Richardson (politician),KY,,,,,,,,,,,,,,,,,,,,,,,,,,,,,,,,,,,,,,,,,,
M000026,John C. Mackie,MI,,,,,,,,,,,,,,,,,,,,,,,,,,,,,,,,,,,,,,,,,,
D000093,Charles Russell Davis,MN,,,,,,,,,,,,,,,,,,,,,,,,,,,,,,,,,,,,,,,,,,
W000302,George West (American politician),NY,,,,,,,,,,,,,,,,,,,,,,,,,,,,,,,,,,,,,,,,,,
L000498,Robert Luce,MA,,,,,,,,,,,,,,,,,,,,,,,,,,,,,,,,,,,,,,,,,,
Q000004,Julian M. Quarles,VA,,,,,,,,,,,,,,,,,,,,,,,,,,,,,,,,,,,,,,,,,,
W000612,Stanyarne Wilson,SC,,,,,,,,,,,,,,,,,,,,,,,,,,,,,,,,,,,,,,,,,,
M000779,William Oswald Mills,MD,,,,,,,,,,,,,,,,,,,,,,,,,,,,,,,,,,,,,,,,,,
E000113,J. Edwin Ellerbe,SC,,,,,,,,,,,,,,,,,,,,,,,,,,,,,,,,,,,,,,,,,,
L000023,James Laird (politician),NE,,,,,,,,,,,,,,,,,,,,,,,,,,,,,,,,,,,,,,,,,,
E000188,Thomas Dunn English,NJ,,,,,,,,,,,,,,,,,,,,,,,,,,,,,,,,,,,,,,,,,,
T000376,South Trimble,KY,,,,,,,,,,,,,,,,,,,,,,,,,,,,,,,,,,,,,,,,,,
S000933,Henry Stockbridge Jr.,MD,,,,,,,,,,,,,,,,,,,,,,,,,,,,,,,,,,,,,,,,,,
G000329,John J. Gorman,IL,,,,,,,,,,,,,,,,,,,,,,,,,,,,,,,,,,,,,,,,,,
T000410,John V. Tunney,CA,,,,,,,,,,,,,,,,,,,,,,,,,,,,,,,,,,,,,,,,,,
N000113,Robert N. C. Nix Sr.,PA,,,,,,,,,,,,,,,,,,,,,,,,,,,,,,,,,,,,,,,,,,
S000286,James Shannon (Massachusetts politician),MA,,,,,,,,,,,,,,,,,,,,,,,,,,,,,,,,,,,,,,,,,,
C000731,Edward D. Cooke,IL,,,,,,,,,,,,,,,,,,,,,,,,,,,,,,,,,,,,,,,,,,
F000228,Joseph V. Flynn,NY,,,,,,,,,,,,,,,,,,,,,,,,,,,,,,,,,,,,,,,,,,
M000263,Maury Maverick,TX,,,,,,,,,,,,,,,,,,,,,,,,,,,,,,,,,,,,,,,,,,
B001164,Samuel T. Busey,IL,,,,,,,,,,,,,,,,,,,,,,,,,,,,,,,,,,,,,,,,,,
C000687,William Connell (Pennsylvania politician),PA,,,,,,,,,,,,,,,,,,,,,,,,,,,,,,,,,,,,,,,,,,
B000379,Marion T. Bennett,MO,,,,,,,,,,,,,,,,,,,,,,,,,,,,,,,,,,,,,,,,,,
H000235,Christopher Columbus Harris,AL,,,,,,,,,,,,,,,,,,,,,,,,,,,,,,,,,,,,,,,,,,
A000194,John Alexander Anderson,KS,,,,,,,,,,,,,,,,,,,,,,,,,,,,,,,,,,,,,,,,,,
B000780,John Breaux,LA,,,,,,,,,,,,,,,,,,,,,,,,,,,,,,,,,,,,,,,,,,
H000635,William Henry Hines,PA,,,,,,,,,,,,,,,,,,,,,,,,,,,,,,,,,,,,,,,,,,
S000282,Bob Shamansky,OH,,,,,,,,,,,,,,,,,,,,,,,,,,,,,,,,,,,,,,,,,,
S000884,Moses T. Stevens,MA,,,,,,,,,,,,,,,,,,,,,,,,,,,,,,,,,,,,,,,,,,
R000555,Elmer Ryan,MN,,,,,,,,,,,,,,,,,,,,,,,,,,,,,,,,,,,,,,,,,,
D000050,Colgate Darden,VA,,,,,,,,,,,,,,,,,,,,,,,,,,,,,,,,,,,,,,,,,,
C000586,Robert L. Coffey,PA,,,,,,,,,,,,,,,,,,,,,,,,,,,,,,,,,,,,,,,,,,
B000025,Herman Badillo,NY,,,,,,,,,,,,,,,,,,,,,,,,,,,,,,,,,,,,,,,,,,
U000012,Mell G. Underwood,OH,,,,,,,,,,,,,,,,,,,,,,,,,,,,,,,,,,,,,,,,,,
C000508,Judson C. Clements,GA,,,,,,,,,,,,,,,,,,,,,,,,,,,,,,,,,,,,,,,,,,
C000492,Bertram Tracy Clayton,NY,,,,,,,,,,,,,,,,,,,,,,,,,,,,,,,,,,,,,,,,,,
S000296,William Graves Sharp,OH,,,,,,,,,,,,,,,,,,,,,,,,,,,,,,,,,,,,,,,,,,
H000485,John S. Henderson,NC,,,,,,,,,,,,,,,,,,,,,,,,,,,,,,,,,,,,,,,,,,
B000479,Richard Ely Bird,KS,,,,,,,,,,,,,,,,,,,,,,,,,,,,,,,,,,,,,,,,,,
M000274,Edwin H. May Jr.,CT,,,,,,,,,,,,,,,,,,,,,,,,,,,,,,,,,,,,,,,,,,
W000379,James Bamford White,KY,,,,,,,,,,,,,,,,,,,,,,,,,,,,,,,,,,,,,,,,,,
A000072,Walter H. Albaugh,OH,,,,,,,,,,,,,,,,,,,,,,,,,,,,,,,,,,,,,,,,,,
H000146,Clarence E. Hancock,NY,,,,,,,,,,,,,,,,,,,,,,,,,,,,,,,,,,,,,,,,,,
M000182,James D. Martin,AL,,,,,,,,,,,,,,,,,,,,,,,,,,,,,,,,,,,,,,,,,,
L000283,Fred Ewing Lewis,PA,,,,,,,,,,,,,,,,,,,,,,,,,,,,,,,,,,,,,,,,,,
S000228,George N. Seger,NJ,,,,,,,,,,,,,,,,,,,,,,,,,,,,,,,,,,,,,,,,,,
P000551,Solomon F. Prouty,IA,,,,,,,,,,,,,,,,,,,,,,,,,,,,,,,,,,,,,,,,,,
L000082,William Chester Lankford,GA,,,,,,,,,,,,,,,,,,,,,,,,,,,,,,,,,,,,,,,,,,
M001112,Reid F. Murray,WI,,,,,,,,,,,,,,,,,,,,,,,,,,,,,,,,,,,,,,,,,,
W000149,Orie Solomon Ware,KY,,,,,,,,,,,,,,,,,,,,,,,,,,,,,,,,,,,,,,,,,,
D000237,Edward E. Denison,IL,,,,,,,,,,,,,,,,,,,,,,,,,,,,,,,,,,,,,,,,,,
M000061,Bryan F. Mahan,CT,,,,,,,,,,,,,,,,,,,,,,,,,,,,,,,,,,,,,,,,,,
G000421,William J. Green Jr.,PA,,,,,,,,,,,,,,,,,,,,,,,,,,,,,,,,,,,,,,,,,,
P000401,Richard Harding Poff,VA,,,,,,,,,,,,,,,,,,,,,,,,,,,,,,,,,,,,,,,,,,
B001009,Vera Buchanan,PA,,,,,,,,,,,,,,,,,,,,,,,,,,,,,,,,,,,,,,,,,,
H000386,Edward D. Hayden,MA,,,,,,,,,,,,,,,,,,,,,,,,,,,,,,,,,,,,,,,,,,
M000374,Edward Oscar McCowen,OH,,,,,,,,,,,,,,,,,,,,,,,,,,,,,,,,,,,,,,,,,,
F000258,Aaron L. Ford,MS,,,,,,,,,,,,,,,,,,,,,,,,,,,,,,,,,,,,,,,,,,
H000842,Jonas G. Howard,IN,,,,,,,,,,,,,,,,,,,,,,,,,,,,,,,,,,,,,,,,,,
H000857,Benjamin Franklin Howell,NJ,,,,,,,,,,,,,,,,,,,,,,,,,,,,,,,,,,,,,,,,,,
S000075,Dalip Singh Saund,CA,,,,,,,,,,,,,,,,,,,,,,,,,,,,,,,,,,,,,,,,,,
H000013,Harlan Hagen,CA,,,,,,,,,,,,,,,,,,,,,,,,,,,,,,,,,,,,,,,,,,
H000747,Marjorie Holt,MD,,,,,,,,,,,,,,,,,,,,,,,,,,,,,,,,,,,,,,,,,,
H000175,Orval H. Hansen,ID,,,,,,,,,,,,,,,,,,,,,,,,,,,,,,,,,,,,,,,,,,
P000015,Charles H. Page,RI,,,,,,,,,,,,,,,,,,,,,,,,,,,,,,,,,,,,,,,,,,
F000217,Roswell P. Flower,NY,,,,,,,,,,,,,,,,,,,,,,,,,,,,,,,,,,,,,,,,,,
L000392,Daniel N. Lockwood,NY,,,,,,,,,,,,,,,,,,,,,,,,,,,,,,,,,,,,,,,,,,
A000151,William F. Allen (Delaware politician),DE,,,,,,,,,,,,,,,,,,,,,,,,,,,,,,,,,,,,,,,,,,
H000479,David N. Henderson,NC,,,,,,,,,,,,,,,,,,,,,,,,,,,,,,,,,,,,,,,,,,
H000858,Charles R. Howell,NJ,,,,,,,,,,,,,,,,,,,,,,,,,,,,,,,,,,,,,,,,,,
S000131,John R. Schmidhauser,IA,,,,,,,,,,,,,,,,,,,,,,,,,,,,,,,,,,,,,,,,,,
B000962,Walter P. Brownlow,TN,,,,,,,,,,,,,,,,,,,,,,,,,,,,,,,,,,,,,,,,,,
M000021,Russell V. Mack,WA,,,,,,,,,,,,,,,,,,,,,,,,,,,,,,,,,,,,,,,,,,
A000267,T. Frank Appleby,NJ,,,,,,,,,,,,,,,,,,,,,,,,,,,,,,,,,,,,,,,,,,
W000300,George M. Wertz,PA,,,,,,,,,,,,,,,,,,,,,,,,,,,,,,,,,,,,,,,,,,
J000067,Albert W. Jefferis,NE,,,,,,,,,,,,,,,,,,,,,,,,,,,,,,,,,,,,,,,,,,
I000004,Michael L. Igoe,IL,,,,,,,,,,,,,,,,,,,,,,,,,,,,,,,,,,,,,,,,,,
R000494,William W. Rucker,MO,,,,,,,,,,,,,,,,,,,,,,,,,,,,,,,,,,,,,,,,,,
S000036,Jared Y. Sanders Jr.,LA,,,,,,,,,,,,,,,,,,,,,,,,,,,,,,,,,,,,,,,,,,
T000021,Joshua Frederick Cockey Talbott,MD,,,,,,,,,,,,,,,,,,,,,,,,,,,,,,,,,,,,,,,,,,
K000190,Tom Kindness,OH,,,,,,,,,,,,,,,,,,,,,,,,,,,,,,,,,,,,,,,,,,
B001159,Theodore E. Burton,OH,,,,,,,,,,,,,,,,,,,,,,,,,,,,,,,,,,,,,,,,,,
Y000021,Tom Yon,FL,,,,,,,,,,,,,,,,,,,,,,,,,,,,,,,,,,,,,,,,,,
F000075,Ivor D. Fenton,PA,,,,,,,,,,,,,,,,,,,,,,,,,,,,,,,,,,,,,,,,,,
W000085,William C. Wallace,NY,,,,,,,,,,,,,,,,,,,,,,,,,,,,,,,,,,,,,,,,,,
B000012,Carl G. Bachmann,WV,,,,,,,,,,,,,,,,,,,,,,,,,,,,,,,,,,,,,,,,,,
S000336,John Levi Sheppard,TX,,,,,,,,,,,,,,,,,,,,,,,,,,,,,,,,,,,,,,,,,,
W000622,William H. Wilson,PA,,,,,,,,,,,,,,,,,,,,,,,,,,,,,,,,,,,,,,,,,,
H000405,Brooks Hays,AR,,,,,,,,,,,,,,,,,,,,,,,,,,,,,,,,,,,,,,,,,,
U000020,Ralph E. Updike,IN,,,,,,,,,,,,,,,,,,,,,,,,,,,,,,,,,,,,,,,,,,
F000107,Scott Field (politician),TX,,,,,,,,,,,,,,,,,,,,,,,,,,,,,,,,,,,,,,,,,,
B000821,George H. Brickner,WI,,,,,,,,,,,,,,,,,,,,,,,,,,,,,,,,,,,,,,,,,,
Q000019,Peter A. Quinn,NY,,,,,,,,,,,,,,,,,,,,,,,,,,,,,,,,,,,,,,,,,,
L000497,Clare Boothe Luce,CT,,,,,,,,,,,,,,,,,,,,,,,,,,,,,,,,,,,,,,,,,,
T000411,Stanley R. Tupper,ME,,,,,,,,,,,,,,,,,,,,,,,,,,,,,,,,,,,,,,,,,,
M001078,Karl Mundt,SD,,,,,,,,,,,,,,,,,,,,,,,,,,,,,,,,,,,,,,,,,,
Y000043,John Andrew Young,TX,,,,,,,,,,,,,,,,,,,,,,,,,,,,,,,,,,,,,,,,,,
H000009,William F. L. Hadley,IL,,,,,,,,,,,,,,,,,,,,,,,,,,,,,,,,,,,,,,,,,,
J000161,Magnus Johnson,MN,,,,,,,,,,,,,,,,,,,,,,,,,,,,,,,,,,,,,,,,,,
B001156,Phillip Burton,CA,,,,,,,,,,,,,,,,,,,,,,,,,,,,,,,,,,,,,,,,,,
B001029,Clarence Buckman,MN,,,,,,,,,,,,,,,,,,,,,,,,,,,,,,,,,,,,,,,,,,
D000502,Michael E. Driscoll,NY,,,,,,,,,,,,,,,,,,,,,,,,,,,,,,,,,,,,,,,,,,
T000395,William M. Tuck,VA,,,,,,,,,,,,,,,,,,,,,,,,,,,,,,,,,,,,,,,,,,
M000049,Walter W. Magee,NY,,,,,,,,,,,,,,,,,,,,,,,,,,,,,,,,,,,,,,,,,,
J000111,Joshua L. Johns,WI,,,,,,,,,,,,,,,,,,,,,,,,,,,,,,,,,,,,,,,,,,
H000680,John H. Hoffecker,DE,,,,,,,,,,,,,,,,,,,,,,,,,,,,,,,,,,,,,,,,,,
S000300,William B. Shattuc,OH,,,,,,,,,,,,,,,,,,,,,,,,,,,,,,,,,,,,,,,,,,
R000078,Joseph Warren Ray,PA,,,,,,,,,,,,,,,,,,,,,,,,,,,,,,,,,,,,,,,,,,
H000007,Thomas Hackney,MO,,,,,,,,,,,,,,,,,,,,,,,,,,,,,,,,,,,,,,,,,,
C000555,Bill Cobey,NC,,,,,,,,,,,,,,,,,,,,,,,,,,,,,,,,,,,,,,,,,,
M001128,Gary A. Myers,PA,,,,,,,,,,,,,,,,,,,,,,,,,,,,,,,,,,,,,,,,,,
W000477,Theodore Stark Wilkinson (politician),LA,,,,,,,,,,,,,,,,,,,,,,,,,,,,,,,,,,,,,,,,,,
G000381,George M. Grant,AL,,,,,,,,,,,,,,,,,,,,,,,,,,,,,,,,,,,,,,,,,,
N000121,Robert Nodar Jr.,NY,,,,,,,,,,,,,,,,,,,,,,,,,,,,,,,,,,,,,,,,,,
B001039,Howard Buffett,NE,,,,,,,,,,,,,,,,,,,,,,,,,,,,,,,,,,,,,,,,,,
L000439,Bert Lord,NY,,,,,,,,,,,,,,,,,,,,,,,,,,,,,,,,,,,,,,,,,,
F000431,Foster Furcolo,MA,,,,,,,,,,,,,,,,,,,,,,,,,,,,,,,,,,,,,,,,,,
W000468,John M. Wiley,NY,,,,,,,,,,,,,,,,,,,,,,,,,,,,,,,,,,,,,,,,,,
B000272,J. Glenn Beall Jr.,MD,,,,,,,,,,,,,,,,,,,,,,,,,,,,,,,,,,,,,,,,,,
N000017,Will E. Neal,WV,,,,,,,,,,,,,,,,,,,,,,,,,,,,,,,,,,,,,,,,,,
W000776,Adam Martin Wyant,PA,,,,,,,,,,,,,,,,,,,,,,,,,,,,,,,,,,,,,,,,,,
P000494,C. Frederick Pracht,PA,,,,,,,,,,,,,,,,,,,,,,,,,,,,,,,,,,,,,,,,,,
M000733,James Monroe Miller,KS,,,,,,,,,,,,,,,,,,,,,,,,,,,,,,,,,,,,,,,,,,
W000446,Roy Wier,MN,,,,,,,,,,,,,,,,,,,,,,,,,,,,,,,,,,,,,,,,,,
D000360,Everett Dirksen,IL,,,,,,,,,,,,,,,,,,,,,,,,,,,,,,,,,,,,,,,,,,
Y000024,Sam Yorty,CA,,,,,,,,,,,,,,,,,,,,,,,,,,,,,,,,,,,,,,,,,,
G000199,Charles W. Gillet,NY,,,,,,,,,,,,,,,,,,,,,,,,,,,,,,,,,,,,,,,,,,
S000870,John Allen Sterling,IL,,,,,,,,,,,,,,,,,,,,,,,,,,,,,,,,,,,,,,,,,,
T000340,Robert J. Tracewell,IN,,,,,,,,,,,,,,,,,,,,,,,,,,,,,,,,,,,,,,,,,,
M000341,Augustus McCloskey,TX,,,,,,,,,,,,,,,,,,,,,,,,,,,,,,,,,,,,,,,,,,
W000641,W. Arthur Winstead,MS,,,,,,,,,,,,,,,,,,,,,,,,,,,,,,,,,,,,,,,,,,
A000264,Edwin Le Roy Antony,TX,,,,,,,,,,,,,,,,,,,,,,,,,,,,,,,,,,,,,,,,,,
N000110,F. Jay Nimtz,IN,,,,,,,,,,,,,,,,,,,,,,,,,,,,,,,,,,,,,,,,,,
F000191,John W. Flannagan Jr.,VA,,,,,,,,,,,,,,,,,,,,,,,,,,,,,,,,,,,,,,,,,,
B001017,Frank H. Buck,CA,,,,,,,,,,,,,,,,,,,,,,,,,,,,,,,,,,,,,,,,,,
M000932,Edward C. Moran Jr.,ME,,,,,,,,,,,,,,,,,,,,,,,,,,,,,,,,,,,,,,,,,,
A000057,Charles Adkins (politician),IL,,,,,,,,,,,,,,,,,,,,,,,,,,,,,,,,,,,,,,,,,,
B001210,Robert Byrd,WV,,,,,,,,,,,,,,,,,,,,,,,,,,,,,,,,,,,,,,,,,,
S000433,Kenneth F. Simpson,NY,,,,,,,,,,,,,,,,,,,,,,,,,,,,,,,,,,,,,,,,,,
A000073,Carl Albert,OK,,,,,,,,,,,,,,,,,,,,,,,,,,,,,,,,,,,,,,,,,,
F000067,John R. Fellows,NY,,,,,,,,,,,,,,,,,,,,,,,,,,,,,,,,,,,,,,,,,,
T000126,Peter G. Ten Eyck,NY,,,,,,,,,,,,,,,,,,,,,,,,,,,,,,,,,,,,,,,,,,
P000556,David Pryor,AR,,,,,,,,,,,,,,,,,,,,,,,,,,,,,,,,,,,,,,,,,,
D000064,Tom Daschle,SD,,,,,,,,,,,,,,,,,,,,,,,,,,,,,,,,,,,,,,,,,,
F000432,Grant Furlong,PA,,,,,,,,,,,,,,,,,,,,,,,,,,,,,,,,,,,,,,,,,,
J000043,Addison James,KY,,,,,,,,,,,,,,,,,,,,,,,,,,,,,,,,,,,,,,,,,,
D000345,Clarence Dill,WA,,,,,,,,,,,,,,,,,,,,,,,,,,,,,,,,,,,,,,,,,,
H000158,James M. Hanley,NY,,,,,,,,,,,,,,,,,,,,,,,,,,,,,,,,,,,,,,,,,,
S000536,Frederick Cleveland Smith,OH,,,,,,,,,,,,,,,,,,,,,,,,,,,,,,,,,,,,,,,,,,
T000112,Henry Teigan,MN,,,,,,,,,,,,,,,,,,,,,,,,,,,,,,,,,,,,,,,,,,
P000022,Robert N. Page,NC,,,,,,,,,,,,,,,,,,,,,,,,,,,,,,,,,,,,,,,,,,
A000332,Richard Merrill Atkinson,TN,,,,,,,,,,,,,,,,,,,,,,,,,,,,,,,,,,,,,,,,,,
S001024,James F. Strother (West Virginia politician),WV,,,,,,,,,,,,,,,,,,,,,,,,,,,,,,,,,,,,,,,,,,
B000567,Mike Blouin,IA,,,,,,,,,,,,,,,,,,,,,,,,,,,,,,,,,,,,,,,,,,
U000035,George H. Utter,RI,,,,,,,,,,,,,,,,,,,,,,,,,,,,,,,,,,,,,,,,,,
B000135,Charles Frederick Barclay,PA,,,,,,,,,,,,,,,,,,,,,,,,,,,,,,,,,,,,,,,,,,
C000192,Henderson H. Carson,OH,,,,,,,,,,,,,,,,,,,,,,,,,,,,,,,,,,,,,,,,,,
G000044,Harvey C. Garber,OH,,,,,,,,,,,,,,,,,,,,,,,,,,,,,,,,,,,,,,,,,,
P000536,Percy Priest,TN,,,,,,,,,,,,,,,,,,,,,,,,,,,,,,,,,,,,,,,,,,
J000034,Andrew Jacobs (lawyer),IN,,,,,,,,,,,,,,,,,,,,,,,,,,,,,,,,,,,,,,,,,,
M000880,James M. Moody,NC,,,,,,,,,,,,,,,,,,,,,,,,,,,,,,,,,,,,,,,,,,
B000811,Mark S. Brewer,MI,,,,,,,,,,,,,,,,,,,,,,,,,,,,,,,,,,,,,,,,,,
S000299,Cassius M. Shartel,MO,,,,,,,,,,,,,,,,,,,,,,,,,,,,,,,,,,,,,,,,,,
H000965,William L. Hungate,MO,,,,,,,,,,,,,,,,,,,,,,,,,,,,,,,,,,,,,,,,,,
R000052,John Henry Raney,MO,,,,,,,,,,,,,,,,,,,,,,,,,,,,,,,,,,,,,,,,,,
H000938,James Hall Huling,WV,,,,,,,,,,,,,,,,,,,,,,,,,,,,,,,,,,,,,,,,,,
F000151,Joseph L. Fisher,VA,,,,,,,,,,,,,,,,,,,,,,,,,,,,,,,,,,,,,,,,,,
C000979,John Culver,IA,,,,,,,,,,,,,,,,,,,,,,,,,,,,,,,,,,,,,,,,,,
B000202,Franklin Bartlett,NY,,,,,,,,,,,,,,,,,,,,,,,,,,,,,,,,,,,,,,,,,,
V000071,William Scott Vare,PA,,,,,,,,,,,,,,,,,,,,,,,,,,,,,,,,,,,,,,,,,,
B001093,James F. Burke (politician),PA,,,,,,,,,,,,,,,,,,,,,,,,,,,,,,,,,,,,,,,,,,
L000135,Henry F. Lawrence,MO,,,,,,,,,,,,,,,,,,,,,,,,,,,,,,,,,,,,,,,,,,
B001096,Raymond H. Burke,OH,,,,,,,,,,,,,,,,,,,,,,,,,,,,,,,,,,,,,,,,,,
F000395,Louis A. Frothingham,MA,,,,,,,,,,,,,,,,,,,,,,,,,,,,,,,,,,,,,,,,,,
P000565,Cornelius Amory Pugsley,NY,,,,,,,,,,,,,,,,,,,,,,,,,,,,,,,,,,,,,,,,,,
J000130,Fred Gustus Johnson,NE,,,,,,,,,,,,,,,,,,,,,,,,,,,,,,,,,,,,,,,,,,
C000689,John R. Connelly,KS,,,,,,,,,,,,,,,,,,,,,,,,,,,,,,,,,,,,,,,,,,
P000104,Bill Patman,TX,,,,,,,,,,,,,,,,,,,,,,,,,,,,,,,,,,,,,,,,,,
M000664,Chester Earl Merrow,NH,,,,,,,,,,,,,,,,,,,,,,,,,,,,,,,,,,,,,,,,,,
B000035,Cleveland M. Bailey,WV,,,,,,,,,,,,,,,,,,,,,,,,,,,,,,,,,,,,,,,,,,
K000107,John F. Kennedy,MA,,,,,,,,,,,,,,,,,,,,,,,,,,,,,,,,,,,,,,,,,,
G000102,Leon H. Gavin,PA,,,,,,,,,,,,,,,,,,,,,,,,,,,,,,,,,,,,,,,,,,
G000493,Chester H. Gross,PA,,,,,,,,,,,,,,,,,,,,,,,,,,,,,,,,,,,,,,,,,,
A000080,John D. Alderson,WV,,,,,,,,,,,,,,,,,,,,,,,,,,,,,,,,,,,,,,,,,,
K000221,Moses Kinkaid,NE,,,,,,,,,,,,,,,,,,,,,,,,,,,,,,,,,,,,,,,,,,
M000073,James Earl Major,IL,,,,,,,,,,,,,,,,,,,,,,,,,,,,,,,,,,,,,,,,,,
A000338,Oscar L. Auf der Heide,NJ,,,,,,,,,,,,,,,,,,,,,,,,,,,,,,,,,,,,,,,,,,
B001094,John H. Burke,CA,,,,,,,,,,,,,,,,,,,,,,,,,,,,,,,,,,,,,,,,,,
J000199,Thomas D. Johnston,NC,,,,,,,,,,,,,,,,,,,,,,,,,,,,,,,,,,,,,,,,,,
S000772,Edward J. Stack,FL,,,,,,,,,,,,,,,,,,,,,,,,,,,,,,,,,,,,,,,,,,
F000194,Frederick G. Fleetwood,VT,,,,,,,,,,,,,,,,,,,,,,,,,,,,,,,,,,,,,,,,,,
T000134,John H. Terry,NY,,,,,,,,,,,,,,,,,,,,,,,,,,,,,,,,,,,,,,,,,,
C000207,Wilburn Cartwright,OK,,,,,,,,,,,,,,,,,,,,,,,,,,,,,,,,,,,,,,,,,,
M000136,Marc L. Marks,PA,,,,,,,,,,,,,,,,,,,,,,,,,,,,,,,,,,,,,,,,,,
C000165,William Carney (politician),NY,,,,,,,,,,,,,,,,,,,,,,,,,,,,,,,,,,,,,,,,,,
J000232,James R. Jones,OK,,,,,,,,,,,,,,,,,,,,,,,,,,,,,,,,,,,,,,,,,,
P000390,Ralph Plumb,IL,,,,,,,,,,,,,,,,,,,,,,,,,,,,,,,,,,,,,,,,,,
L000160,Frank J. LeFevre,NY,,,,,,,,,,,,,,,,,,,,,,,,,,,,,,,,,,,,,,,,,,
W000675,Leonard G. Wolf,IA,,,,,,,,,,,,,,,,,,,,,,,,,,,,,,,,,,,,,,,,,,
L000385,Charles O. Lobeck,NE,,,,,,,,,,,,,,,,,,,,,,,,,,,,,,,,,,,,,,,,,,
F000143,John W. Fishburne,VA,,,,,,,,,,,,,,,,,,,,,,,,,,,,,,,,,,,,,,,,,,
H000563,Floyd Hicks,WA,,,,,,,,,,,,,,,,,,,,,,,,,,,,,,,,,,,,,,,,,,
Q000017,James L. Quinn (politician),PA,,,,,,,,,,,,,,,,,,,,,,,,,,,,,,,,,,,,,,,,,,
S000533,Frank Ellis Smith,MS,,,,,,,,,,,,,,,,,,,,,,,,,,,,,,,,,,,,,,,,,,
M000365,Mike McCormack (politician),WA,,,,,,,,,,,,,,,,,,,,,,,,,,,,,,,,,,,,,,,,,,
B000315,Nick Begich,AK,,,,,,,,,,,,,,,,,,,,,,,,,,,,,,,,,,,,,,,,,,
B000358,Cleve Benedict,WV,,,,,,,,,,,,,,,,,,,,,,,,,,,,,,,,,,,,,,,,,,
M000991,Toby Morris (politician),OK,,,,,,,,,,,,,,,,,,,,,,,,,,,,,,,,,,,,,,,,,,
V000020,Robert J. Vance,CT,,,,,,,,,,,,,,,,,,,,,,,,,,,,,,,,,,,,,,,,,,
J000132,George William Johnson (congressman),WV,,,,,,,,,,,,,,,,,,,,,,,,,,,,,,,,,,,,,,,,,,
L000228,John C. Lehr,MI,,,,,,,,,,,,,,,,,,,,,,,,,,,,,,,,,,,,,,,,,,
R000012,Tom Railsback,IL,,,,,,,,,,,,,,,,,,,,,,,,,,,,,,,,,,,,,,,,,,
S000895,William Francis Stevenson,SC,,,,,,,,,,,,,,,,,,,,,,,,,,,,,,,,,,,,,,,,,,
S001127,Guy J. Swope,PA,,,,,,,,,,,,,,,,,,,,,,,,,,,,,,,,,,,,,,,,,,
R000546,Albert G. Rutherford,PA,,,,,,,,,,,,,,,,,,,,,,,,,,,,,,,,,,,,,,,,,,
A000277,Samuel S. Arentz,NV,,,,,,,,,,,,,,,,,,,,,,,,,,,,,,,,,,,,,,,,,,
T000267,William L. Tierney,CT,,,,,,,,,,,,,,,,,,,,,,,,,,,,,,,,,,,,,,,,,,
F000422,James G. Fulton,PA,,,,,,,,,,,,,,,,,,,,,,,,,,,,,,,,,,,,,,,,,,
M000019,Connie Mack III,FL,,,,,,,,,,,,,,,,,,,,,,,,,,,,,,,,,,,,,,,,,,
F000016,George W. Faris,IN,,,,,,,,,,,,,,,,,,,,,,,,,,,,,,,,,,,,,,,,,,
D000422,Jeremiah Donovan,CT,,,,,,,,,,,,,,,,,,,,,,,,,,,,,,,,,,,,,,,,,,
M000338,James V. McClintic,OK,,,,,,,,,,,,,,,,,,,,,,,,,,,,,,,,,,,,,,,,,,
A000330,George W. Atkinson,WV,,,,,,,,,,,,,,,,,,,,,,,,,,,,,,,,,,,,,,,,,,
F000083,Harvey Butler Fergusson,NM,,,,,,,,,,,,,,,,,,,,,,,,,,,,,,,,,,,,,,,,,,
P000153,Sereno E. Payne,NY,,,,,,,,,,,,,,,,,,,,,,,,,,,,,,,,,,,,,,,,,,
M000957,Stephen Morgan (American politician),OH,,,,,,,,,,,,,,,,,,,,,,,,,,,,,,,,,,,,,,,,,,
B000548,Ray Blanton,TN,,,,,,,,,,,,,,,,,,,,,,,,,,,,,,,,,,,,,,,,,,
K000041,Frank Bateman Keefe,WI,,,,,,,,,,,,,,,,,,,,,,,,,,,,,,,,,,,,,,,,,,
B000018,Mark R. Bacon,MI,,,,,,,,,,,,,,,,,,,,,,,,,,,,,,,,,,,,,,,,,,
F000058,John J. Feely,IL,,,,,,,,,,,,,,,,,,,,,,,,,,,,,,,,,,,,,,,,,,
K000045,James Nicholas Kehoe,KY,,,,,,,,,,,,,,,,,,,,,,,,,,,,,,,,,,,,,,,,,,
F000027,John McCreath Farquhar,NY,,,,,,,,,,,,,,,,,,,,,,,,,,,,,,,,,,,,,,,,,,
F000164,John F. Fitzgerald,MA,,,,,,,,,,,,,,,,,,,,,,,,,,,,,,,,,,,,,,,,,,
R000318,Alice Mary Robertson,OK,,,,,,,,,,,,,,,,,,,,,,,,,,,,,,,,,,,,,,,,,,
D000094,Clifford Davis (politician),TN,,,,,,,,,,,,,,,,,,,,,,,,,,,,,,,,,,,,,,,,,,
W000604,Joseph Franklin Wilson,TX,,,,,,,,,,,,,,,,,,,,,,,,,,,,,,,,,,,,,,,,,,
F000170,William T. Fitzgerald,OH,,,,,,,,,,,,,,,,,,,,,,,,,,,,,,,,,,,,,,,,,,
F000109,George Bragg Fielder,NJ,,,,,,,,,,,,,,,,,,,,,,,,,,,,,,,,,,,,,,,,,,
J000001,Summers Melville Jack,PA,,,,,,,,,,,,,,,,,,,,,,,,,,,,,,,,,,,,,,,,,,
B001206,William D. Byron,MD,,,,,,,,,,,,,,,,,,,,,,,,,,,,,,,,,,,,,,,,,,
F000023,Charles R. Farnsley,KY,,,,,,,,,,,,,,,,,,,,,,,,,,,,,,,,,,,,,,,,,,
P000325,Charles E. Pickett,IA,,,,,,,,,,,,,,,,,,,,,,,,,,,,,,,,,,,,,,,,,,
E000261,William E. Evans (politician),CA,,,,,,,,,,,,,,,,,,,,,,,,,,,,,,,,,,,,,,,,,,
B000771,Frank J. Brasco,NY,,,,,,,,,,,,,,,,,,,,,,,,,,,,,,,,,,,,,,,,,,
S000442,James H. Sinclair,ND,,,,,,,,,,,,,,,,,,,,,,,,,,,,,,,,,,,,,,,,,,
F000229,John Flynt,GA,,,,,,,,,,,,,,,,,,,,,,,,,,,,,,,,,,,,,,,,,,
B000856,Case Broderick,KS,,,,,,,,,,,,,,,,,,,,,,,,,,,,,,,,,,,,,,,,,,
T000218,T. Ashton Thompson,LA,,,,,,,,,,,,,,,,,,,,,,,,,,,,,,,,,,,,,,,,,,
C000010,Cornelius A. Cadmus,NJ,,,,,,,,,,,,,,,,,,,,,,,,,,,,,,,,,,,,,,,,,,
M000071,Verner Main,MI,,,,,,,,,,,,,,,,,,,,,,,,,,,,,,,,,,,,,,,,,,
D000329,Frank S. Dickson,IL,,,,,,,,,,,,,,,,,,,,,,,,,,,,,,,,,,,,,,,,,,
B000682,David R. Bowen,MS,,,,,,,,,,,,,,,,,,,,,,,,,,,,,,,,,,,,,,,,,,
B000145,Alben W. Barkley,KY,,,,,,,,,,,,,,,,,,,,,,,,,,,,,,,,,,,,,,,,,,
T000455,John R. Tyson,AL,,,,,,,,,,,,,,,,,,,,,,,,,,,,,,,,,,,,,,,,,,
D000404,Jonathan P. Dolliver,IA,,,,,,,,,,,,,,,,,,,,,,,,,,,,,,,,,,,,,,,,,,
M000541,Melvin O. McLaughlin,NE,,,,,,,,,,,,,,,,,,,,,,,,,,,,,,,,,,,,,,,,,,
W000668,Jesse P. Wolcott,MI,,,,,,,,,,,,,,,,,,,,,,,,,,,,,,,,,,,,,,,,,,
T000228,Charles M. Thomson,IL,,,,,,,,,,,,,,,,,,,,,,,,,,,,,,,,,,,,,,,,,,
M001036,J. McKenzie Moss,KY,,,,,,,,,,,,,,,,,,,,,,,,,,,,,,,,,,,,,,,,,,
C000339,Joseph B. Cheadle,IN,,,,,,,,,,,,,,,,,,,,,,,,,,,,,,,,,,,,,,,,,,
P000379,Edmund Platt,NY,,,,,,,,,,,,,,,,,,,,,,,,,,,,,,,,,,,,,,,,,,
N000031,Charles P. Nelson (congressman),ME,,,,,,,,,,,,,,,,,,,,,,,,,,,,,,,,,,,,,,,,,,
H000490,Bill Hendon,NC,,,,,,,,,,,,,,,,,,,,,,,,,,,,,,,,,,,,,,,,,,
D000211,James J. Delaney,NY,,,,,,,,,,,,,,,,,,,,,,,,,,,,,,,,,,,,,,,,,,
J000203,John L. Jolley,SD,,,,,,,,,,,,,,,,,,,,,,,,,,,,,,,,,,,,,,,,,,
J000249,Robert Franklin Jones,OH,,,,,,,,,,,,,,,,,,,,,,,,,,,,,,,,,,,,,,,,,,
R000008,Edmund P. Radwan,NY,,,,,,,,,,,,,,,,,,,,,,,,,,,,,,,,,,,,,,,,,,
K000184,William P. Kimball,KY,,,,,,,,,,,,,,,,,,,,,,,,,,,,,,,,,,,,,,,,,,
M000837,Seth C. Moffatt,MI,,,,,,,,,,,,,,,,,,,,,,,,,,,,,,,,,,,,,,,,,,
C000663,Daniel Webster Comstock,IN,,,,,,,,,,,,,,,,,,,,,,,,,,,,,,,,,,,,,,,,,,
Z000014,Ed Zschau,CA,,,,,,,,,,,,,,,,,,,,,,,,,,,,,,,,,,,,,,,,,,
T000373,James William Trimble,AR,,,,,,,,,,,,,,,,,,,,,,,,,,,,,,,,,,,,,,,,,,
D000028,Lorenzo Danford,OH,,,,,,,,,,,,,,,,,,,,,,,,,,,,,,,,,,,,,,,,,,
L000076,Fritz G. Lanham,TX,,,,,,,,,,,,,,,,,,,,,,,,,,,,,,,,,,,,,,,,,,
U000015,Thomas R. Underwood,KY,,,,,,,,,,,,,,,,,,,,,,,,,,,,,,,,,,,,,,,,,,
H000941,Harry E. Hull,IA,,,,,,,,,,,,,,,,,,,,,,,,,,,,,,,,,,,,,,,,,,
M000478,Clifford McIntire,ME,,,,,,,,,,,,,,,,,,,,,,,,,,,,,,,,,,,,,,,,,,
M000252,Charles Matthews (Pennsylvania politician),PA,,,,,,,,,,,,,,,,,,,,,,,,,,,,,,,,,,,,,,,,,,
S000816,Joe Starnes,AL,,,,,,,,,,,,,,,,,,,,,,,,,,,,,,,,,,,,,,,,,,
R000109,Louise Goff Reece,TN,,,,,,,,,,,,,,,,,,,,,,,,,,,,,,,,,,,,,,,,,,
E000098,William A. Ekwall,OR,,,,,,,,,,,,,,,,,,,,,,,,,,,,,,,,,,,,,,,,,,
M000675,Ralph Metcalfe,IL,,,,,,,,,,,,,,,,,,,,,,,,,,,,,,,,,,,,,,,,,,
Q000018,John Quinn (New York politician),NY,,,,,,,,,,,,,,,,,,,,,,,,,,,,,,,,,,,,,,,,,,
C001002,George Curry (politician),NM,,,,,,,,,,,,,,,,,,,,,,,,,,,,,,,,,,,,,,,,,,
Q000014,Percy Quin,MS,,,,,,,,,,,,,,,,,,,,,,,,,,,,,,,,,,,,,,,,,,
C000541,Charles Pearce Coady,MD,,,,,,,,,,,,,,,,,,,,,,,,,,,,,,,,,,,,,,,,,,
O000158,James W. Owens (congressman),OH,,,,,,,,,,,,,,,,,,,,,,,,,,,,,,,,,,,,,,,,,,
N000104,Frederick G. Niedringhaus,MO,,,,,,,,,,,,,,,,,,,,,,,,,,,,,,,,,,,,,,,,,,
R000470,Harry N. Routzohn,OH,,,,,,,,,,,,,,,,,,,,,,,,,,,,,,,,,,,,,,,,,,
B000620,Don Bonker,WA,,,,,,,,,,,,,,,,,,,,,,,,,,,,,,,,,,,,,,,,,,
D000077,Samuel Arza Davenport,PA,,,,,,,,,,,,,,,,,,,,,,,,,,,,,,,,,,,,,,,,,,
T000434,Louis Washington Turpin,AL,,,,,,,,,,,,,,,,,,,,,,,,,,,,,,,,,,,,,,,,,,
J000064,Jacob Javits,NY,,,,,,,,,,,,,,,,,,,,,,,,,,,,,,,,,,,,,,,,,,
Y000038,H. Olin Young,MI,,,,,,,,,,,,,,,,,,,,,,,,,,,,,,,,,,,,,,,,,,
G000452,Walter Gresham (Texas politician),TX,,,,,,,,,,,,,,,,,,,,,,,,,,,,,,,,,,,,,,,,,,
M000576,Henry McMorran,MI,,,,,,,,,,,,,,,,,,,,,,,,,,,,,,,,,,,,,,,,,,
O000141,Arthur W. Overmyer,OH,,,,,,,,,,,,,,,,,,,,,,,,,,,,,,,,,,,,,,,,,,
F000367,Romeo H. Freer,WV,,,,,,,,,,,,,,,,,,,,,,,,,,,,,,,,,,,,,,,,,,
B000860,Joseph Davis Brodhead,PA,,,,,,,,,,,,,,,,,,,,,,,,,,,,,,,,,,,,,,,,,,
T000059,Clyde Howard Tavenner,IL,,,,,,,,,,,,,,,,,,,,,,,,,,,,,,,,,,,,,,,,,,
H000944,Morton D. Hull,IL,,,,,,,,,,,,,,,,,,,,,,,,,,,,,,,,,,,,,,,,,,
R000027,John R. Ramsey,NJ,,,,,,,,,,,,,,,,,,,,,,,,,,,,,,,,,,,,,,,,,,
L000331,Walter F. Lineberger,CA,,,,,,,,,,,,,,,,,,,,,,,,,,,,,,,,,,,,,,,,,,
H000902,Thomas R. Hudd,WI,,,,,,,,,,,,,,,,,,,,,,,,,,,,,,,,,,,,,,,,,,
C000489,Harold K. Claypool,OH,,,,,,,,,,,,,,,,,,,,,,,,,,,,,,,,,,,,,,,,,,
W000120,Fred Wampler (politician),IN,,,,,,,,,,,,,,,,,,,,,,,,,,,,,,,,,,,,,,,,,,
W000310,Jack Westland,WA,,,,,,,,,,,,,,,,,,,,,,,,,,,,,,,,,,,,,,,,,,
M000340,Robert McClory,IL,,,,,,,,,,,,,,,,,,,,,,,,,,,,,,,,,,,,,,,,,,
W000090,Samuel Wallin,NY,,,,,,,,,,,,,,,,,,,,,,,,,,,,,,,,,,,,,,,,,,
V000106,Fred M. Vinson,KY,,,,,,,,,,,,,,,,,,,,,,,,,,,,,,,,,,,,,,,,,,
H001004,Denis M. Hurley,NY,,,,,,,,,,,,,,,,,,,,,,,,,,,,,,,,,,,,,,,,,,
H000515,Robert Kirkland Henry,WI,,,,,,,,,,,,,,,,,,,,,,,,,,,,,,,,,,,,,,,,,,
B000047,Wendell Bailey,MO,,,,,,,,,,,,,,,,,,,,,,,,,,,,,,,,,,,,,,,,,,
T000366,Samuel Joelah Tribble,GA,,,,,,,,,,,,,,,,,,,,,,,,,,,,,,,,,,,,,,,,,,
O000023,Jeremiah E. O'Connell,RI,,,,,,,,,,,,,,,,,,,,,,,,,,,,,,,,,,,,,,,,,,
W000226,James D. Weaver,PA,,,,,,,,,,,,,,,,,,,,,,,,,,,,,,,,,,,,,,,,,,
S001005,Lawrence B. Stringer,IL,,,,,,,,,,,,,,,,,,,,,,,,,,,,,,,,,,,,,,,,,,
A000206,George W. Andrews,AL,,,,,,,,,,,,,,,,,,,,,,,,,,,,,,,,,,,,,,,,,,
G000082,Finis J. Garrett,TN,,,,,,,,,,,,,,,,,,,,,,,,,,,,,,,,,,,,,,,,,,
M000584,William S. McNary,MA,,,,,,,,,,,,,,,,,,,,,,,,,,,,,,,,,,,,,,,,,,
A000054,Hugh Joseph Addonizio,NJ,,,,,,,,,,,,,,,,,,,,,,,,,,,,,,,,,,,,,,,,,,
H000684,Elmer J. Hoffman,IL,,,,,,,,,,,,,,,,,,,,,,,,,,,,,,,,,,,,,,,,,,
B000155,William O. Barnard,IN,,,,,,,,,,,,,,,,,,,,,,,,,,,,,,,,,,,,,,,,,,
B000449,Fred Biermann,IA,,,,,,,,,,,,,,,,,,,,,,,,,,,,,,,,,,,,,,,,,,
D000175,Charles B. Deane,NC,,,,,,,,,,,,,,,,,,,,,,,,,,,,,,,,,,,,,,,,,,
C000351,Charles A. Chickering,NY,,,,,,,,,,,,,,,,,,,,,,,,,,,,,,,,,,,,,,,,,,
L000450,Henry C. Loudenslager,NJ,,,,,,,,,,,,,,,,,,,,,,,,,,,,,,,,,,,,,,,,,,
T000294,Paul H. Todd Jr.,MI,,,,,,,,,,,,,,,,,,,,,,,,,,,,,,,,,,,,,,,,,,
C000582,Harry B. Coffee,NE,,,,,,,,,,,,,,,,,,,,,,,,,,,,,,,,,,,,,,,,,,
G000191,Patrick F. Gill,MO,,,,,,,,,,,,,,,,,,,,,,,,,,,,,,,,,,,,,,,,,,
C000802,Norris Cotton,NH,,,,,,,,,,,,,,,,,,,,,,,,,,,,,,,,,,,,,,,,,,
B001024,Charles A. Buckley,NY,,,,,,,,,,,,,,,,,,,,,,,,,,,,,,,,,,,,,,,,,,
G000368,Kathryn E. Granahan,PA,,,,,,,,,,,,,,,,,,,,,,,,,,,,,,,,,,,,,,,,,,
N000153,Mary Teresa Norton,NJ,,,,,,,,,,,,,,,,,,,,,,,,,,,,,,,,,,,,,,,,,,
D000588,Kenneth W. Dyal,CA,,,,,,,,,,,,,,,,,,,,,,,,,,,,,,,,,,,,,,,,,,
J000202,George Johnstone (congressman),SC,,,,,,,,,,,,,,,,,,,,,,,,,,,,,,,,,,,,,,,,,,
R000526,Gordon J. Russell,TX,,,,,,,,,,,,,,,,,,,,,,,,,,,,,,,,,,,,,,,,,,
R000018,Albert Rains,AL,,,,,,,,,,,,,,,,,,,,,,,,,,,,,,,,,,,,,,,,,,
S000856,Dan V. Stephens,NE,,,,,,,,,,,,,,,,,,,,,,,,,,,,,,,,,,,,,,,,,,
H000434,Joel Heatwole,MN,,,,,,,,,,,,,,,,,,,,,,,,,,,,,,,,,,,,,,,,,,
R000288,Ross Rizley,OK,,,,,,,,,,,,,,,,,,,,,,,,,,,,,,,,,,,,,,,,,,
N000130,Edward Thomas Noonan,IL,,,,,,,,,,,,,,,,,,,,,,,,,,,,,,,,,,,,,,,,,,
J000090,Arthur B. Jenks,NH,,,,,,,,,,,,,,,,,,,,,,,,,,,,,,,,,,,,,,,,,,
M001118,William H. Murray,OK,,,,,,,,,,,,,,,,,,,,,,,,,,,,,,,,,,,,,,,,,,
S000665,Charles P. Snyder (politician),WV,,,,,,,,,,,,,,,,,,,,,,,,,,,,,,,,,,,,,,,,,,
E000211,Sam Ervin,NC,,,,,,,,,,,,,,,,,,,,,,,,,,,,,,,,,,,,,,,,,,
C000532,Wynne F. Clouse,TN,,,,,,,,,,,,,,,,,,,,,,,,,,,,,,,,,,,,,,,,,,
R000282,Ralph Julian Rivers,AK,,,,,,,,,,,,,,,,,,,,,,,,,,,,,,,,,,,,,,,,,,
T000363,William M. Treloar,MO,,,,,,,,,,,,,,,,,,,,,,,,,,,,,,,,,,,,,,,,,,
R000021,Frank M. Ramey,IL,,,,,,,,,,,,,,,,,,,,,,,,,,,,,,,,,,,,,,,,,,
M000860,David Smith Monson,UT,,,,,,,,,,,,,,,,,,,,,,,,,,,,,,,,,,,,,,,,,,
D000177,Cleveland Dear,LA,,,,,,,,,,,,,,,,,,,,,,,,,,,,,,,,,,,,,,,,,,
N000157,Richard Henry Norton,MO,,,,,,,,,,,,,,,,,,,,,,,,,,,,,,,,,,,,,,,,,,
B001116,James N. Burnes,MO,,,,,,,,,,,,,,,,,,,,,,,,,,,,,,,,,,,,,,,,,,
B001084,William O. Burgin,NC,,,,,,,,,,,,,,,,,,,,,,,,,,,,,,,,,,,,,,,,,,
C000993,Paul Cunningham (politician),IA,,,,,,,,,,,,,,,,,,,,,,,,,,,,,,,,,,,,,,,,,,
R000001,Louis C. Rabaut,MI,,,,,,,,,,,,,,,,,,,,,,,,,,,,,,,,,,,,,,,,,,
T000339,Richard W. Townshend,IL,,,,,,,,,,,,,,,,,,,,,,,,,,,,,,,,,,,,,,,,,,
B001170,Allen R. Bushnell,WI,,,,,,,,,,,,,,,,,,,,,,,,,,,,,,,,,,,,,,,,,,
W000279,George L. Wellington,MD,,,,,,,,,,,,,,,,,,,,,,,,,,,,,,,,,,,,,,,,,,
K000112,Michael J. Kennedy,NY,,,,,,,,,,,,,,,,,,,,,,,,,,,,,,,,,,,,,,,,,,
D000545,Aubert C. Dunn,MS,,,,,,,,,,,,,,,,,,,,,,,,,,,,,,,,,,,,,,,,,,
R000206,Carl West Rich,OH,,,,,,,,,,,,,,,,,,,,,,,,,,,,,,,,,,,,,,,,,,
D000570,George R. Durgan,IN,,,,,,,,,,,,,,,,,,,,,,,,,,,,,,,,,,,,,,,,,,
C000244,George A. Castor,PA,,,,,,,,,,,,,,,,,,,,,,,,,,,,,,,,,,,,,,,,,,
S001019,Sterling P. Strong,TX,,,,,,,,,,,,,,,,,,,,,,,,,,,,,,,,,,,,,,,,,,
S000088,John G. Sawyer,NY,,,,,,,,,,,,,,,,,,,,,,,,,,,,,,,,,,,,,,,,,,
S000847,William A. Steiger,WI,,,,,,,,,,,,,,,,,,,,,,,,,,,,,,,,,,,,,,,,,,
C000718,Joel Cook,PA,,,,,,,,,,,,,,,,,,,,,,,,,,,,,,,,,,,,,,,,,,
B000940,Paul Brown (Georgia politician),GA,,,,,,,,,,,,,,,,,,,,,,,,,,,,,,,,,,,,,,,,,,
C000256,Henry S. Caulfield,MO,,,,,,,,,,,,,,,,,,,,,,,,,,,,,,,,,,,,,,,,,,
R000418,Milton A. Romjue,MO,,,,,,,,,,,,,,,,,,,,,,,,,,,,,,,,,,,,,,,,,,
F000142,Hamilton Fish III,NY,,,,,,,,,,,,,,,,,,,,,,,,,,,,,,,,,,,,,,,,,,
M000680,Herbert Alton Meyer,KS,,,,,,,,,,,,,,,,,,,,,,,,,,,,,,,,,,,,,,,,,,
F000202,Loren Fletcher,MN,,,,,,,,,,,,,,,,,,,,,,,,,,,,,,,,,,,,,,,,,,
S000144,Leonard W. Schuetz,IL,,,,,,,,,,,,,,,,,,,,,,,,,,,,,,,,,,,,,,,,,,
L000411,Catherine Small Long,LA,,,,,,,,,,,,,,,,,,,,,,,,,,,,,,,,,,,,,,,,,,
D000448,Robert L. Doughton,NC,,,,,,,,,,,,,,,,,,,,,,,,,,,,,,,,,,,,,,,,,,
F000102,Bobbi Fiedler,CA,,,,,,,,,,,,,,,,,,,,,,,,,,,,,,,,,,,,,,,,,,
K000055,John A. Keliher,MA,,,,,,,,,,,,,,,,,,,,,,,,,,,,,,,,,,,,,,,,,,
H000450,James V. Heidinger,IL,,,,,,,,,,,,,,,,,,,,,,,,,,,,,,,,,,,,,,,,,,
H000144,Kent Hance,TX,,,,,,,,,,,,,,,,,,,,,,,,,,,,,,,,,,,,,,,,,,
S000738,Francis B. Spinola,NY,,,,,,,,,,,,,,,,,,,,,,,,,,,,,,,,,,,,,,,,,,
R000182,John Stockdale Rhea,KY,,,,,,,,,,,,,,,,,,,,,,,,,,,,,,,,,,,,,,,,,,
B001028,James V. Buckley,IL,,,,,,,,,,,,,,,,,,,,,,,,,,,,,,,,,,,,,,,,,,
E000259,T. Cooper Evans,IA,,,,,,,,,,,,,,,,,,,,,,,,,,,,,,,,,,,,,,,,,,
H000060,Leonard W. Hall,NY,,,,,,,,,,,,,,,,,,,,,,,,,,,,,,,,,,,,,,,,,,
M000035,Robert B. Macon,AR,,,,,,,,,,,,,,,,,,,,,,,,,,,,,,,,,,,,,,,,,,
L000340,John Charles Linthicum,MD,,,,,,,,,,,,,,,,,,,,,,,,,,,,,,,,,,,,,,,,,,
D000310,William Worth Dickerson,KY,,,,,,,,,,,,,,,,,,,,,,,,,,,,,,,,,,,,,,,,,,
L000250,John Vandling Lesher,PA,,,,,,,,,,,,,,,,,,,,,,,,,,,,,,,,,,,,,,,,,,
P000163,George Alexander Pearre,MD,,,,,,,,,,,,,,,,,,,,,,,,,,,,,,,,,,,,,,,,,,
C000768,Oren S. Copeland,NE,,,,,,,,,,,,,,,,,,,,,,,,,,,,,,,,,,,,,,,,,,
S000099,Joseph D. Sayers,TX,,,,,,,,,,,,,,,,,,,,,,,,,,,,,,,,,,,,,,,,,,
W000040,Alfred M. Waldron,PA,,,,,,,,,,,,,,,,,,,,,,,,,,,,,,,,,,,,,,,,,,
D000503,William J. Driver,AR,,,,,,,,,,,,,,,,,,,,,,,,,,,,,,,,,,,,,,,,,,
F000126,Sidney A. Fine,NY,,,,,,,,,,,,,,,,,,,,,,,,,,,,,,,,,,,,,,,,,,
F000042,Jacob Sloat Fassett,NY,,,,,,,,,,,,,,,,,,,,,,,,,,,,,,,,,,,,,,,,,,
H000681,Walter O. Hoffecker,DE,,,,,,,,,,,,,,,,,,,,,,,,,,,,,,,,,,,,,,,,,,
P000569,Graham B. Purcell Jr.,TX,,,,,,,,,,,,,,,,,,,,,,,,,,,,,,,,,,,,,,,,,,
L000281,Elijah B. Lewis,GA,,,,,,,,,,,,,,,,,,,,,,,,,,,,,,,,,,,,,,,,,,
F000424,Richard Fulton,TN,,,,,,,,,,,,,,,,,,,,,,,,,,,,,,,,,,,,,,,,,,
M000915,R. Walton Moore,VA,,,,,,,,,,,,,,,,,,,,,,,,,,,,,,,,,,,,,,,,,,
B001148,Clarence G. Burton,VA,,,,,,,,,,,,,,,,,,,,,,,,,,,,,,,,,,,,,,,,,,
L000334,William W. Link,IL,,,,,,,,,,,,,,,,,,,,,,,,,,,,,,,,,,,,,,,,,,
M000756,Thomas B. Miller,PA,,,,,,,,,,,,,,,,,,,,,,,,,,,,,,,,,,,,,,,,,,
B000397,Maecenas Eason Benton,MO,,,,,,,,,,,,,,,,,,,,,,,,,,,,,,,,,,,,,,,,,,
L000489,Ralph F. Lozier,MO,,,,,,,,,,,,,,,,,,,,,,,,,,,,,,,,,,,,,,,,,,
B000303,Carlos Bee,TX,,,,,,,,,,,,,,,,,,,,,,,,,,,,,,,,,,,,,,,,,,
W000121,William C. Wampler,VA,,,,,,,,,,,,,,,,,,,,,,,,,,,,,,,,,,,,,,,,,,
M001070,William Oscar Mulkey,AL,,,,,,,,,,,,,,,,,,,,,,,,,,,,,,,,,,,,,,,,,,
S000702,Stephen M. Sparkman,FL,,,,,,,,,,,,,,,,,,,,,,,,,,,,,,,,,,,,,,,,,,
M000540,Joseph McLaughlin (Pennsylvania politician),PA,,,,,,,,,,,,,,,,,,,,,,,,,,,,,,,,,,,,,,,,,,
S000778,Harley Orrin Staggers,WV,,,,,,,,,,,,,,,,,,,,,,,,,,,,,,,,,,,,,,,,,,
C000331,Ray P. Chase,MN,,,,,,,,,,,,,,,,,,,,,,,,,,,,,,,,,,,,,,,,,,
B000149,Charles A. Barlow,CA,,,,,,,,,,,,,,,,,,,,,,,,,,,,,,,,,,,,,,,,,,
G000512,Charles Gubser,CA,,,,,,,,,,,,,,,,,,,,,,,,,,,,,,,,,,,,,,,,,,
M000799,William Edwin Minshall Jr.,OH,,,,,,,,,,,,,,,,,,,,,,,,,,,,,,,,,,,,,,,,,,
W000024,Stuyvesant Wainwright,NY,,,,,,,,,,,,,,,,,,,,,,,,,,,,,,,,,,,,,,,,,,
C000152,John G. Carlisle,KY,,,,,,,,,,,,,,,,,,,,,,,,,,,,,,,,,,,,,,,,,,
S000378,Don L. Short,ND,,,,,,,,,,,,,,,,,,,,,,,,,,,,,,,,,,,,,,,,,,
K000145,Winfield S. Kerr,OH,,,,,,,,,,,,,,,,,,,,,,,,,,,,,,,,,,,,,,,,,,
S000717,Brent Spence,KY,,,,,,,,,,,,,,,,,,,,,,,,,,,,,,,,,,,,,,,,,,
C000019,William T. Cahill,NJ,,,,,,,,,,,,,,,,,,,,,,,,,,,,,,,,,,,,,,,,,,
S000707,John C. Speaks,OH,,,,,,,,,,,,,,,,,,,,,,,,,,,,,,,,,,,,,,,,,,
H000204,Denver David Hargis,KS,,,,,,,,,,,,,,,,,,,,,,,,,,,,,,,,,,,,,,,,,,
B001131,Maurice G. Burnside,WV,,,,,,,,,,,,,,,,,,,,,,,,,,,,,,,,,,,,,,,,,,
E000016,Harold Earthman,TN,,,,,,,,,,,,,,,,,,,,,,,,,,,,,,,,,,,,,,,,,,
T000257,Lloyd Thurston,IA,,,,,,,,,,,,,,,,,,,,,,,,,,,,,,,,,,,,,,,,,,
T000011,Joseph Taggart,KS,,,,,,,,,,,,,,,,,,,,,,,,,,,,,,,,,,,,,,,,,,
M000608,Walter Lewis McVey Jr.,KS,,,,,,,,,,,,,,,,,,,,,,,,,,,,,,,,,,,,,,,,,,
A000024,E. Ross Adair,IN,,,,,,,,,,,,,,,,,,,,,,,,,,,,,,,,,,,,,,,,,,
H000816,George W. Houk,OH,,,,,,,,,,,,,,,,,,,,,,,,,,,,,,,,,,,,,,,,,,
G000435,Isabella Greenway,AZ,,,,,,,,,,,,,,,,,,,,,,,,,,,,,,,,,,,,,,,,,,
P000103,Wright Patman,TX,,,,,,,,,,,,,,,,,,,,,,,,,,,,,,,,,,,,,,,,,,
C000535,E. Harold Cluett,NY,,,,,,,,,,,,,,,,,,,,,,,,,,,,,,,,,,,,,,,,,,
G000032,Robert J. Gamble,SD,,,,,,,,,,,,,,,,,,,,,,,,,,,,,,,,,,,,,,,,,,
E000146,Harris Ellsworth,OR,,,,,,,,,,,,,,,,,,,,,,,,,,,,,,,,,,,,,,,,,,
O000122,Eugene D. O'Sullivan,NE,,,,,,,,,,,,,,,,,,,,,,,,,,,,,,,,,,,,,,,,,,
H000624,Elwood Hillis,IN,,,,,,,,,,,,,,,,,,,,,,,,,,,,,,,,,,,,,,,,,,
O000058,Alvin O'Konski,WI,,,,,,,,,,,,,,,,,,,,,,,,,,,,,,,,,,,,,,,,,,
C000126,J. Campbell Cantrill,KY,,,,,,,,,,,,,,,,,,,,,,,,,,,,,,,,,,,,,,,,,,
D000184,Perl D. Decker,MO,,,,,,,,,,,,,,,,,,,,,,,,,,,,,,,,,,,,,,,,,,
C000840,William E. Cox,IN,,,,,,,,,,,,,,,,,,,,,,,,,,,,,,,,,,,,,,,,,,
C000156,Frank Ertel Carlyle,NC,,,,,,,,,,,,,,,,,,,,,,,,,,,,,,,,,,,,,,,,,,
S001107,Edwin F. Sweet,MI,,,,,,,,,,,,,,,,,,,,,,,,,,,,,,,,,,,,,,,,,,
F000359,Arthur M. Free,CA,,,,,,,,,,,,,,,,,,,,,,,,,,,,,,,,,,,,,,,,,,
H000195,Guy U. Hardy,CO,,,,,,,,,,,,,,,,,,,,,,,,,,,,,,,,,,,,,,,,,,
H000094,Kittel Halvorson,MN,,,,,,,,,,,,,,,,,,,,,,,,,,,,,,,,,,,,,,,,,,
H000607,Samuel B. Hill (Washington politician),WA,,,,,,,,,,,,,,,,,,,,,,,,,,,,,,,,,,,,,,,,,,
F000149,Hubert Fisher,TN,,,,,,,,,,,,,,,,,,,,,,,,,,,,,,,,,,,,,,,,,,
A000260,Martin C. Ansorge,NY,,,,,,,,,,,,,,,,,,,,,,,,,,,,,,,,,,,,,,,,,,
N000025,Robert Neill (American politician),AR,,,,,,,,,,,,,,,,,,,,,,,,,,,,,,,,,,,,,,,,,,
L000537,Walter A. Lynch,NY,,,,,,,,,,,,,,,,,,,,,,,,,,,,,,,,,,,,,,,,,,
G000320,Albert Gore Sr.,TN,,,,,,,,,,,,,,,,,,,,,,,,,,,,,,,,,,,,,,,,,,
L000391,James A. Lockhart,NC,,,,,,,,,,,,,,,,,,,,,,,,,,,,,,,,,,,,,,,,,,
M000905,John William Moore,KY,,,,,,,,,,,,,,,,,,,,,,,,,,,,,,,,,,,,,,,,,,
E000233,Billy Lee Evans,GA,,,,,,,,,,,,,,,,,,,,,,,,,,,,,,,,,,,,,,,,,,
C000017,Patrick T. Caffery,LA,,,,,,,,,,,,,,,,,,,,,,,,,,,,,,,,,,,,,,,,,,
W000109,Anderson Howell Walters,PA,,,,,,,,,,,,,,,,,,,,,,,,,,,,,,,,,,,,,,,,,,
E000121,Douglas Hemphill Elliott,PA,,,,,,,,,,,,,,,,,,,,,,,,,,,,,,,,,,,,,,,,,,
C000425,Clarence D. Clark,WY,,,,,,,,,,,,,,,,,,,,,,,,,,,,,,,,,,,,,,,,,,
N000141,Solomon Taylor North,PA,,,,,,,,,,,,,,,,,,,,,,,,,,,,,,,,,,,,,,,,,,
M001098,John M. Murphy,NY,,,,,,,,,,,,,,,,,,,,,,,,,,,,,,,,,,,,,,,,,,
F000428,Frank H. Funk,IL,,,,,,,,,,,,,,,,,,,,,,,,,,,,,,,,,,,,,,,,,,
C000896,William T. Crawford,NC,,,,,,,,,,,,,,,,,,,,,,,,,,,,,,,,,,,,,,,,,,
C000557,Frank P. Coburn,WI,,,,,,,,,,,,,,,,,,,,,,,,,,,,,,,,,,,,,,,,,,
H000147,Franklin Wills Hancock Jr.,NC,,,,,,,,,,,,,,,,,,,,,,,,,,,,,,,,,,,,,,,,,,
R000242,Ira E. Rider,NY,,,,,,,,,,,,,,,,,,,,,,,,,,,,,,,,,,,,,,,,,,
S000982,Tom Stout,MT,,,,,,,,,,,,,,,,,,,,,,,,,,,,,,,,,,,,,,,,,,
P000413,Ernest M. Pollard,NE,,,,,,,,,,,,,,,,,,,,,,,,,,,,,,,,,,,,,,,,,,
B000736,John Brademas,IN,,,,,,,,,,,,,,,,,,,,,,,,,,,,,,,,,,,,,,,,,,
R000108,B. Carroll Reece,TN,,,,,,,,,,,,,,,,,,,,,,,,,,,,,,,,,,,,,,,,,,
C000964,David B. Culberson,TX,,,,,,,,,,,,,,,,,,,,,,,,,,,,,,,,,,,,,,,,,,
J000052,Rorer A. James,VA,,,,,,,,,,,,,,,,,,,,,,,,,,,,,,,,,,,,,,,,,,
H000972,John E. Hunt,NJ,,,,,,,,,,,,,,,,,,,,,,,,,,,,,,,,,,,,,,,,,,
K000060,John Edward Kelley,SD,,,,,,,,,,,,,,,,,,,,,,,,,,,,,,,,,,,,,,,,,,
C000347,Chester A. Chesney,IL,,,,,,,,,,,,,,,,,,,,,,,,,,,,,,,,,,,,,,,,,,
G000015,Nick Galifianakis (politician),NC,,,,,,,,,,,,,,,,,,,,,,,,,,,,,,,,,,,,,,,,,,
D000058,Smedley Darlington,PA,,,,,,,,,,,,,,,,,,,,,,,,,,,,,,,,,,,,,,,,,,
A000207,Ike Franklin Andrews,NC,,,,,,,,,,,,,,,,,,,,,,,,,,,,,,,,,,,,,,,,,,
S000236,Conrad Selvig,MN,,,,,,,,,,,,,,,,,,,,,,,,,,,,,,,,,,,,,,,,,,
F000250,Ellsworth Foote,CT,,,,,,,,,,,,,,,,,,,,,,,,,,,,,,,,,,,,,,,,,,
E000096,Joshua Eilberg,PA,,,,,,,,,,,,,,,,,,,,,,,,,,,,,,,,,,,,,,,,,,
S000070,David E. Satterfield III,VA,,,,,,,,,,,,,,,,,,,,,,,,,,,,,,,,,,,,,,,,,,
F000233,John E. Fogarty,RI,,,,,,,,,,,,,,,,,,,,,,,,,,,,,,,,,,,,,,,,,,
L000416,George S. Long,LA,,,,,,,,,,,,,,,,,,,,,,,,,,,,,,,,,,,,,,,,,,
W000429,Washington C. Whitthorne,TN,,,,,,,,,,,,,,,,,,,,,,,,,,,,,,,,,,,,,,,,,,
C000026,William A. Calderhead,KS,,,,,,,,,,,,,,,,,,,,,,,,,,,,,,,,,,,,,,,,,,
D000474,Thomas N. Downing,VA,,,,,,,,,,,,,,,,,,,,,,,,,,,,,,,,,,,,,,,,,,
E000054,Ed Edmondson (politician),OK,,,,,,,,,,,,,,,,,,,,,,,,,,,,,,,,,,,,,,,,,,
P000415,Howard Wallace Pollock,AK,,,,,,,,,,,,,,,,,,,,,,,,,,,,,,,,,,,,,,,,,,
W000100,John R. Walsh,IN,,,,,,,,,,,,,,,,,,,,,,,,,,,,,,,,,,,,,,,,,,
L000422,John B. Long,TX,,,,,,,,,,,,,,,,,,,,,,,,,,,,,,,,,,,,,,,,,,
C000430,Frank Clark (politician),FL,,,,,,,,,,,,,,,,,,,,,,,,,,,,,,,,,,,,,,,,,,
B000110,John H. Bankhead,AL,,,,,,,,,,,,,,,,,,,,,,,,,,,,,,,,,,,,,,,,,,
P000524,Emory H. Price,FL,,,,,,,,,,,,,,,,,,,,,,,,,,,,,,,,,,,,,,,,,,
S001080,George Sutherland,UT,,,,,,,,,,,,,,,,,,,,,,,,,,,,,,,,,,,,,,,,,,
W000559,Edwin E. Willis,LA,,,,,,,,,,,,,,,,,,,,,,,,,,,,,,,,,,,,,,,,,,
C000886,William B. Cravens,AR,,,,,,,,,,,,,,,,,,,,,,,,,,,,,,,,,,,,,,,,,,
K000264,Thomas S. Kleppe,ND,,,,,,,,,,,,,,,,,,,,,,,,,,,,,,,,,,,,,,,,,,
C000074,Albert J. Campbell,MT,,,,,,,,,,,,,,,,,,,,,,,,,,,,,,,,,,,,,,,,,,
N000092,John Conover Nichols,OK,,,,,,,,,,,,,,,,,,,,,,,,,,,,,,,,,,,,,,,,,,
B000380,Philip Allen Bennett,MO,,,,,,,,,,,,,,,,,,,,,,,,,,,,,,,,,,,,,,,,,,
G000206,Wilson D. Gillette,PA,,,,,,,,,,,,,,,,,,,,,,,,,,,,,,,,,,,,,,,,,,
G000207,George W. Gillie,IN,,,,,,,,,,,,,,,,,,,,,,,,,,,,,,,,,,,,,,,,,,
G000358,John H. Graham,NY,,,,,,,,,,,,,,,,,,,,,,,,,,,,,,,,,,,,,,,,,,
L000382,Sherman P. Lloyd,UT,,,,,,,,,,,,,,,,,,,,,,,,,,,,,,,,,,,,,,,,,,
H000300,Charles S. Hartman,MT,,,,,,,,,,,,,,,,,,,,,,,,,,,,,,,,,,,,,,,,,,
G000448,William Voris Gregory,KY,,,,,,,,,,,,,,,,,,,,,,,,,,,,,,,,,,,,,,,,,,
S000079,Harry Sauthoff,WI,,,,,,,,,,,,,,,,,,,,,,,,,,,,,,,,,,,,,,,,,,
R000232,Fred Richmond,NY,,,,,,,,,,,,,,,,,,,,,,,,,,,,,,,,,,,,,,,,,,
E000038,Frank Eddy,MN,,,,,,,,,,,,,,,,,,,,,,,,,,,,,,,,,,,,,,,,,,
T000007,Charles Phelps Taft,OH,,,,,,,,,,,,,,,,,,,,,,,,,,,,,,,,,,,,,,,,,,
J000216,Ed Jones (Tennessee politician),TN,,,,,,,,,,,,,,,,,,,,,,,,,,,,,,,,,,,,,,,,,,
H000798,Frank O. Horton,WY,,,,,,,,,,,,,,,,,,,,,,,,,,,,,,,,,,,,,,,,,,
N000135,Fred B. Norman,WA,,,,,,,,,,,,,,,,,,,,,,,,,,,,,,,,,,,,,,,,,,
M000798,Edward S. Minor,WI,,,,,,,,,,,,,,,,,,,,,,,,,,,,,,,,,,,,,,,,,,
S000784,Jesse F. Stallings,AL,,,,,,,,,,,,,,,,,,,,,,,,,,,,,,,,,,,,,,,,,,
C000317,Virgil Chapman,KY,,,,,,,,,,,,,,,,,,,,,,,,,,,,,,,,,,,,,,,,,,
H000746,Joseph F. Holt,CA,,,,,,,,,,,,,,,,,,,,,,,,,,,,,,,,,,,,,,,,,,
Z000007,Frederick Nicholas Zihlman,MD,,,,,,,,,,,,,,,,,,,,,,,,,,,,,,,,,,,,,,,,,,
S000461,Edward L. Sittler Jr.,PA,,,,,,,,,,,,,,,,,,,,,,,,,,,,,,,,,,,,,,,,,,
S000328,Samuel A. Shelton,MO,,,,,,,,,,,,,,,,,,,,,,,,,,,,,,,,,,,,,,,,,,
M000011,Hervey Machen,MD,,,,,,,,,,,,,,,,,,,,,,,,,,,,,,,,,,,,,,,,,,
M000069,William F. Mahoney,IL,,,,,,,,,,,,,,,,,,,,,,,,,,,,,,,,,,,,,,,,,,
R000347,Joseph Taylor Robinson,AR,,,,,,,,,,,,,,,,,,,,,,,,,,,,,,,,,,,,,,,,,,
L000167,Buddy Leach,LA,,,,,,,,,,,,,,,,,,,,,,,,,,,,,,,,,,,,,,,,,,
Y000011,Richard Yates Jr.,IL,,,,,,,,,,,,,,,,,,,,,,,,,,,,,,,,,,,,,,,,,,
M000666,William S. Mesick,MI,,,,,,,,,,,,,,,,,,,,,,,,,,,,,,,,,,,,,,,,,,
N000039,John M. Nelson,WI,,,,,,,,,,,,,,,,,,,,,,,,,,,,,,,,,,,,,,,,,,
C000103,Timothy J. Campbell,NY,,,,,,,,,,,,,,,,,,,,,,,,,,,,,,,,,,,,,,,,,,
P000285,Joseph L. Pfeifer,NY,,,,,,,,,,,,,,,,,,,,,,,,,,,,,,,,,,,,,,,,,,
W000620,William Bauchop Wilson,PA,,,,,,,,,,,,,,,,,,,,,,,,,,,,,,,,,,,,,,,,,,
E000239,David W. Evans,IN,,,,,,,,,,,,,,,,,,,,,,,,,,,,,,,,,,,,,,,,,,
C000899,Thomas J. Creamer,NY,,,,,,,,,,,,,,,,,,,,,,,,,,,,,,,,,,,,,,,,,,
N000129,James Ellsworth Noland,IN,,,,,,,,,,,,,,,,,,,,,,,,,,,,,,,,,,,,,,,,,,
P000134,Edward W. Pattison,NY,,,,,,,,,,,,,,,,,,,,,,,,,,,,,,,,,,,,,,,,,,
T000185,Robert Y. Thomas Jr.,KY,,,,,,,,,,,,,,,,,,,,,,,,,,,,,,,,,,,,,,,,,,
S000384,Jouett Shouse,KS,,,,,,,,,,,,,,,,,,,,,,,,,,,,,,,,,,,,,,,,,,
R000370,Seaborn Roddenbery,GA,,,,,,,,,,,,,,,,,,,,,,,,,,,,,,,,,,,,,,,,,,
S001108,John Hyde Sweet,NE,,,,,,,,,,,,,,,,,,,,,,,,,,,,,,,,,,,,,,,,,,
T000320,Harry Lancaster Towe,NJ,,,,,,,,,,,,,,,,,,,,,,,,,,,,,,,,,,,,,,,,,,
M000037,W. Kingsland Macy,NY,,,,,,,,,,,,,,,,,,,,,,,,,,,,,,,,,,,,,,,,,,
H000569,John Andrew Hiestand,PA,,,,,,,,,,,,,,,,,,,,,,,,,,,,,,,,,,,,,,,,,,
S000234,Harry H. Seldomridge,CO,,,,,,,,,,,,,,,,,,,,,,,,,,,,,,,,,,,,,,,,,,
C000097,Philip P. Campbell,KS,,,,,,,,,,,,,,,,,,,,,,,,,,,,,,,,,,,,,,,,,,
V000125,Charles W. Vursell,IL,,,,,,,,,,,,,,,,,,,,,,,,,,,,,,,,,,,,,,,,,,
K000258,Rudolph Kleberg,TX,,,,,,,,,,,,,,,,,,,,,,,,,,,,,,,,,,,,,,,,,,
K000317,Franklin F. Korell,OR,,,,,,,,,,,,,,,,,,,,,,,,,,,,,,,,,,,,,,,,,,
S000156,Max Schwabe,MO,,,,,,,,,,,,,,,,,,,,,,,,,,,,,,,,,,,,,,,,,,
C000770,Ira Clifton Copley,IL,,,,,,,,,,,,,,,,,,,,,,,,,,,,,,,,,,,,,,,,,,
B001056,Alfred L. Bulwinkle,NC,,,,,,,,,,,,,,,,,,,,,,,,,,,,,,,,,,,,,,,,,,
L000406,W. Turner Logan,SC,,,,,,,,,,,,,,,,,,,,,,,,,,,,,,,,,,,,,,,,,,
A000253,William Noble Andrews,MD,,,,,,,,,,,,,,,,,,,,,,,,,,,,,,,,,,,,,,,,,,
M000777,Roger Q. Mills,TX,,,,,,,,,,,,,,,,,,,,,,,,,,,,,,,,,,,,,,,,,,
K000040,Elizabeth Kee,WV,,,,,,,,,,,,,,,,,,,,,,,,,,,,,,,,,,,,,,,,,,
Z000010,Roger H. Zion,IN,,,,,,,,,,,,,,,,,,,,,,,,,,,,,,,,,,,,,,,,,,
D000109,James C. Davis,GA,,,,,,,,,,,,,,,,,,,,,,,,,,,,,,,,,,,,,,,,,,
M000484,John J. McIntyre (politician),WY,,,,,,,,,,,,,,,,,,,,,,,,,,,,,,,,,,,,,,,,,,
D000253,William Henry Denson,AL,,,,,,,,,,,,,,,,,,,,,,,,,,,,,,,,,,,,,,,,,,
B000349,John Dillard Bellamy,NC,,,,,,,,,,,,,,,,,,,,,,,,,,,,,,,,,,,,,,,,,,
D000043,George E. Danielson,CA,,,,,,,,,,,,,,,,,,,,,,,,,,,,,,,,,,,,,,,,,,
R000140,Kenneth M. Regan,TX,,,,,,,,,,,,,,,,,,,,,,,,,,,,,,,,,,,,,,,,,,
G000007,John W. Gaines,TN,,,,,,,,,,,,,,,,,,,,,,,,,,,,,,,,,,,,,,,,,,
E000053,George W. Edmonds,PA,,,,,,,,,,,,,,,,,,,,,,,,,,,,,,,,,,,,,,,,,,
M000001,Melvin Maas,MN,,,,,,,,,,,,,,,,,,,,,,,,,,,,,,,,,,,,,,,,,,
B000495,Eugene Black (Texas politician),TX,,,,,,,,,,,,,,,,,,,,,,,,,,,,,,,,,,,,,,,,,,
S001123,Phil Swing,CA,,,,,,,,,,,,,,,,,,,,,,,,,,,,,,,,,,,,,,,,,,
S000423,Paul Simon (politician),IL,,,,,,,,,,,,,,,,,,,,,,,,,,,,,,,,,,,,,,,,,,
B000064,Irene Baker,TN,,,,,,,,,,,,,,,,,,,,,,,,,,,,,,,,,,,,,,,,,,
A000050,Wilbur L. Adams,DE,,,,,,,,,,,,,,,,,,,,,,,,,,,,,,,,,,,,,,,,,,
S000452,William I. Sirovich,NY,,,,,,,,,,,,,,,,,,,,,,,,,,,,,,,,,,,,,,,,,,
A000200,LeRoy H. Anderson,MT,,,,,,,,,,,,,,,,,,,,,,,,,,,,,,,,,,,,,,,,,,
J000138,Henry U. Johnson,IN,,,,,,,,,,,,,,,,,,,,,,,,,,,,,,,,,,,,,,,,,,
M000961,John M. Morin,PA,,,,,,,,,,,,,,,,,,,,,,,,,,,,,,,,,,,,,,,,,,
K000304,Ray Kogovsek,CO,,,,,,,,,,,,,,,,,,,,,,,,,,,,,,,,,,,,,,,,,,
F000231,Otto G. Foelker,NY,,,,,,,,,,,,,,,,,,,,,,,,,,,,,,,,,,,,,,,,,,
M000617,Hugh Meade,MD,,,,,,,,,,,,,,,,,,,,,,,,,,,,,,,,,,,,,,,,,,
F000381,Louis Frey Jr.,FL,,,,,,,,,,,,,,,,,,,,,,,,,,,,,,,,,,,,,,,,,,
C000577,Jeremiah V. Cockrell,TX,,,,,,,,,,,,,,,,,,,,,,,,,,,,,,,,,,,,,,,,,,
S000267,Henry W. Seymour,MI,,,,,,,,,,,,,,,,,,,,,,,,,,,,,,,,,,,,,,,,,,
B000112,Walter W. Bankhead,AL,,,,,,,,,,,,,,,,,,,,,,,,,,,,,,,,,,,,,,,,,,
P000352,John R. Pillion,NY,,,,,,,,,,,,,,,,,,,,,,,,,,,,,,,,,,,,,,,,,,
D000239,Robert Vernon Denney,NE,,,,,,,,,,,,,,,,,,,,,,,,,,,,,,,,,,,,,,,,,,
M000498,William A. McKeighan,NE,,,,,,,,,,,,,,,,,,,,,,,,,,,,,,,,,,,,,,,,,,
R000413,Thomas Rolph,CA,,,,,,,,,,,,,,,,,,,,,,,,,,,,,,,,,,,,,,,,,,
M000709,Charles D. Millard,NY,,,,,,,,,,,,,,,,,,,,,,,,,,,,,,,,,,,,,,,,,,
B000055,Samuel T. Baird,LA,,,,,,,,,,,,,,,,,,,,,,,,,,,,,,,,,,,,,,,,,,
T000159,Charles R. Thomas (1861–1931),NC,,,,,,,,,,,,,,,,,,,,,,,,,,,,,,,,,,,,,,,,,,
H000888,Richard D. Hubbard,CT,,,,,,,,,,,,,,,,,,,,,,,,,,,,,,,,,,,,,,,,,,
S000124,James H. Scheuer,NY,,,,,,,,,,,,,,,,,,,,,,,,,,,,,,,,,,,,,,,,,,
M001161,Charlie Melançon,LA,,,,,,,,,,,,,,,,,,,,,,,,,,,,,,,,,,,,,,,,,,
O000169,Bill Owens (New York politician),NY,,,,,,,,,,,,,,,,,,,,,,,,,,,,,,,,,,,,,,,,,,
S000835,Leslie Jasper Steele,GA,,,,,,,,,,,,,,,,,,,,,,,,,,,,,,,,,,,,,,,,,,
W000395,Stephen V. White,NY,,,,,,,,,,,,,,,,,,,,,,,,,,,,,,,,,,,,,,,,,,
Y000019,Seth Hartman Yocum,PA,,,,,,,,,,,,,,,,,,,,,,,,,,,,,,,,,,,,,,,,,,
K000293,Freeman Knowles,SD,,,,,,,,,,,,,,,,,,,,,,,,,,,,,,,,,,,,,,,,,,
L000445,George B. Loring,MA,,,,,,,,,,,,,,,,,,,,,,,,,,,,,,,,,,,,,,,,,,
W000133,Hamilton Ward Sr.,NY,,,,,,,,,,,,,,,,,,,,,,,,,,,,,,,,,,,,,,,,,,
Y000059,Oscar Youngdahl,MN,,,,,,,,,,,,,,,,,,,,,,,,,,,,,,,,,,,,,,,,,,
S000979,William L. Stoughton,MI,,,,,,,,,,,,,,,,,,,,,,,,,,,,,,,,,,,,,,,,,,
W000621,William E. Wilson (Indiana politician),IN,,,,,,,,,,,,,,,,,,,,,,,,,,,,,,,,,,,,,,,,,,
M001192,Vance M. Mcallister,LA,,,,,,,,,,,,,,,,,,,,,,,,,,,,,,,,,,,,,,,,,,
S000588,Madison Roswell Smith,MO,,,,,,,,,,,,,,,,,,,,,,,,,,,,,,,,,,,,,,,,,,
L000581,Brenda Lawrence,MI,,,,,,,,,,,,,,,,,,,,,,,,,,,,,,,,,,,,,,,,,,
T000337,Washington Townsend,PA,,,,,,,,,,,,,,,,,,,,,,,,,,,,,,,,,,,,,,,,,,
T000224,William George Thompson,IA,,,,,,,,,,,,,,,,,,,,,,,,,,,,,,,,,,,,,,,,,,
R000079,Ossian Ray,NH,,,,,,,,,,,,,,,,,,,,,,,,,,,,,,,,,,,,,,,,,,
R000604,Steve Russell (politician),OK,,,,,,,,,,,,,,,,,,,,,,,,,,,,,,,,,,,,,,,,,,
K000299,William Shadrach Knox,MA,,,,,,,,,,,,,,,,,,,,,,,,,,,,,,,,,,,,,,,,,,
H001071,Jody Hice,GA,,,,,,,,,,,,,,,,,,,,,,,,,,,,,,,,,,,,,,,,,,
M000971,Samuel P. Morrill,ME,,,,,,,,,,,,,,,,,,,,,,,,,,,,,,,,,,,,,,,,,,
M000148,John Otho Marsh Jr.,VA,,,,,,,,,,,,,,,,,,,,,,,,,,,,,,,,,,,,,,,,,,
N000178,Hjalmar Carl Nygaard,ND,,,,,,,,,,,,,,,,,,,,,,,,,,,,,,,,,,,,,,,,,,
M000528,Clinton D. McKinnon,CA,,,,,,,,,,,,,,,,,,,,,,,,,,,,,,,,,,,,,,,,,,
W000613,Stephen Fowler Wilson,PA,,,,,,,,,,,,,,,,,,,,,,,,,,,,,,,,,,,,,,,,,,
I000041,Harvey Samuel Irwin,KY,,,,,,,,,,,,,,,,,,,,,,,,,,,,,,,,,,,,,,,,,,
W000397,Wilbur M. White,OH,,,,,,,,,,,,,,,,,,,,,,,,,,,,,,,,,,,,,,,,,,
P000346,Frederick A. Pike,ME,,,,,,,,,,,,,,,,,,,,,,,,,,,,,,,,,,,,,,,,,,
W000228,Phillip Hart Weaver,NE,,,,,,,,,,,,,,,,,,,,,,,,,,,,,,,,,,,,,,,,,,
S000404,Isaac Siegel,NY,,,,,,,,,,,,,,,,,,,,,,,,,,,,,,,,,,,,,,,,,,
J000223,George Washington Jones (Texas politician),TX,,,,,,,,,,,,,,,,,,,,,,,,,,,,,,,,,,,,,,,,,,
K000014,Joseph Karth,MN,,,,,,,,,,,,,,,,,,,,,,,,,,,,,,,,,,,,,,,,,,
T000401,John Randolph Tucker (politician),VA,,,,,,,,,,,,,,,,,,,,,,,,,,,,,,,,,,,,,,,,,,
T000200,Frank Thompson,NJ,,,,,,,,,,,,,,,,,,,,,,,,,,,,,,,,,,,,,,,,,,
M000717,Clarence B. Miller,MN,,,,,,,,,,,,,,,,,,,,,,,,,,,,,,,,,,,,,,,,,,
S000959,John W. Stone,MI,,,,,,,,,,,,,,,,,,,,,,,,,,,,,,,,,,,,,,,,,,
M001089,B. Frank Murphy,OH,,,,,,,,,,,,,,,,,,,,,,,,,,,,,,,,,,,,,,,,,,
M001107,James C. Murray,IL,,,,,,,,,,,,,,,,,,,,,,,,,,,,,,,,,,,,,,,,,,
T000053,Tom Tauke,IA,,,,,,,,,,,,,,,,,,,,,,,,,,,,,,,,,,,,,,,,,,
L000241,Irvine Lenroot,WI,,,,,,,,,,,,,,,,,,,,,,,,,,,,,,,,,,,,,,,,,,
M000399,Joseph M. McDade,PA,,,,,,,,,,,,,,,,,,,,,,,,,,,,,,,,,,,,,,,,,,
T000480,William Timmons (politician),SC,,,,,,,,,,,,,,,,,,,,,,,,,,,,,,,,,,,,,,,,,,
W000430,William Madison Whittington,MS,,,,,,,,,,,,,,,,,,,,,,,,,,,,,,,,,,,,,,,,,,
W000183,Thaddeus Wasielewski,WI,,,,,,,,,,,,,,,,,,,,,,,,,,,,,,,,,,,,,,,,,,
W000575,Emmett Wilson,FL,,,,,,,,,,,,,,,,,,,,,,,,,,,,,,,,,,,,,,,,,,
T000124,Rudolph G. Tenerowicz,MI,,,,,,,,,,,,,,,,,,,,,,,,,,,,,,,,,,,,,,,,,,
S000827,Charles Manly Stedman,NC,,,,,,,,,,,,,,,,,,,,,,,,,,,,,,,,,,,,,,,,,,
J000141,Jacob Johnson (American politician),UT,,,,,,,,,,,,,,,,,,,,,,,,,,,,,,,,,,,,,,,,,,
S000580,Joe L. Smith,WV,,,,,,,,,,,,,,,,,,,,,,,,,,,,,,,,,,,,,,,,,,
K000298,Victor A. Knox,MI,,,,,,,,,,,,,,,,,,,,,,,,,,,,,,,,,,,,,,,,,,
H000850,Albert R. Howe,MS,,,,,,,,,,,,,,,,,,,,,,,,,,,,,,,,,,,,,,,,,,
S000514,Albert L. Smith Jr.,AL,,,,,,,,,,,,,,,,,,,,,,,,,,,,,,,,,,,,,,,,,,
L000015,Walter Lafferty,OR,,,,,,,,,,,,,,,,,,,,,,,,,,,,,,,,,,,,,,,,,,
M000446,Dan R. McGehee,MS,,,,,,,,,,,,,,,,,,,,,,,,,,,,,,,,,,,,,,,,,,
K000168,Edgar Raymond Kiess,PA,,,,,,,,,,,,,,,,,,,,,,,,,,,,,,,,,,,,,,,,,,
S000445,Otho R. Singleton,MS,,,,,,,,,,,,,,,,,,,,,,,,,,,,,,,,,,,,,,,,,,
T000133,David D. Terry,AR,,,,,,,,,,,,,,,,,,,,,,,,,,,,,,,,,,,,,,,,,,
M000842,Guy Molinari,NY,,,,,,,,,,,,,,,,,,,,,,,,,,,,,,,,,,,,,,,,,,
K000142,Josiah Kerr,MD,,,,,,,,,,,,,,,,,,,,,,,,,,,,,,,,,,,,,,,,,,
M000458,Raymond J. McGrath,NY,,,,,,,,,,,,,,,,,,,,,,,,,,,,,,,,,,,,,,,,,,
S000470,Thomas Gregory Skinner,NC,,,,,,,,,,,,,,,,,,,,,,,,,,,,,,,,,,,,,,,,,,
S000861,William Stephens (American politician),CA,,,,,,,,,,,,,,,,,,,,,,,,,,,,,,,,,,,,,,,,,,
L000515,Frederick Lundin,IL,,,,,,,,,,,,,,,,,,,,,,,,,,,,,,,,,,,,,,,,,,
L000403,John A. Logan,IL,,,,,,,,,,,,,,,,,,,,,,,,,,,,,,,,,,,,,,,,,,
M000075,Thomas Jefferson Majors,NE,,,,,,,,,,,,,,,,,,,,,,,,,,,,,,,,,,,,,,,,,,
H000981,Duncan L. Hunter,CA,,,,,,,,,,,,,,,,,,,,,,,,,,,,,,,,,,,,,,,,,,
S001041,Elmer E. Studley,NY,,,,,,,,,,,,,,,,,,,,,,,,,,,,,,,,,,,,,,,,,,
Z000002,Leo C. Zeferetti,NY,,,,,,,,,,,,,,,,,,,,,,,,,,,,,,,,,,,,,,,,,,
W000286,Owen A. Wells,WI,,,,,,,,,,,,,,,,,,,,,,,,,,,,,,,,,,,,,,,,,,
M000172,Charles H. Martin (North Carolina politician),NC,,,,,,,,,,,,,,,,,,,,,,,,,,,,,,,,,,,,,,,,,,
P000056,Homer C. Parker,GA,,,,,,,,,,,,,,,,,,,,,,,,,,,,,,,,,,,,,,,,,,
J000292,Bill Johnson (Ohio politician),OH,,,,,,,,,,,,,,,,,,,,,,,,,,,,,,,,,,,,,,,,,,
S000875,Aaron Fletcher Stevens,NH,,,,,,,,,,,,,,,,,,,,,,,,,,,,,,,,,,,,,,,,,,
W000153,John De Witt Warner,NY,,,,,,,,,,,,,,,,,,,,,,,,,,,,,,,,,,,,,,,,,,
T000140,Thomas Chandler Thacher,MA,,,,,,,,,,,,,,,,,,,,,,,,,,,,,,,,,,,,,,,,,,
V000042,Robert T. Van Horn,MO,,,,,,,,,,,,,,,,,,,,,,,,,,,,,,,,,,,,,,,,,,
M000647,Elisha E. Meredith,VA,,,,,,,,,,,,,,,,,,,,,,,,,,,,,,,,,,,,,,,,,,
M001138,Don Manzullo,IL,,,,,,,,,,,,,,,,,,,,,,,,,,,,,,,,,,,,,,,,,,
S001176,Steve Scalise,LA,,,,,,,,,,,,,,,,,,,,,,,,,,,,,,,,,,,,,,,,,,
M000823,John Ridley Mitchell,TN,,,,,,,,,,,,,,,,,,,,,,,,,,,,,,,,,,,,,,,,,,
K000127,William Kent (American politician),CA,,,,,,,,,,,,,,,,,,,,,,,,,,,,,,,,,,,,,,,,,,
N000097,Donald W. Nicholson,MA,,,,,,,,,,,,,,,,,,,,,,,,,,,,,,,,,,,,,,,,,,
M000715,Arthur L. Miller,NE,,,,,,,,,,,,,,,,,,,,,,,,,,,,,,,,,,,,,,,,,,
R000381,Dudley Roe,MD,,,,,,,,,,,,,,,,,,,,,,,,,,,,,,,,,,,,,,,,,,
N000048,Walter Nesbit,IL,,,,,,,,,,,,,,,,,,,,,,,,,,,,,,,,,,,,,,,,,,
S000014,Pat Saiki,HI,,,,,,,,,,,,,,,,,,,,,,,,,,,,,,,,,,,,,,,,,,
W000387,Milo White,MN,,,,,,,,,,,,,,,,,,,,,,,,,,,,,,,,,,,,,,,,,,
W000353,Alexander White (Alabama politician),AL,,,,,,,,,,,,,,,,,,,,,,,,,,,,,,,,,,,,,,,,,,
M001217,Jared Moskowitz,FL,,,,,,,,,,,,,,,,,,,,,,,,,,,,,,,,,,,,,,,,,,
S000622,Virginia D. Smith,NE,,,,,,,,,,,,,,,,,,,,,,,,,,,,,,,,,,,,,,,,,,
P000618,Katie Porter,CA,,,,,,,,,,,,,,,,,,,,,,,,,,,,,,,,,,,,,,,,,,
S000675,Gerald Solomon,NY,,,,,,,,,,,,,,,,,,,,,,,,,,,,,,,,,,,,,,,,,,
W000108,Francis E. Walter,PA,,,,,,,,,,,,,,,,,,,,,,,,,,,,,,,,,,,,,,,,,,
R000453,Robert Tripp Ross,NY,,,,,,,,,,,,,,,,,,,,,,,,,,,,,,,,,,,,,,,,,,
S000325,Samuel Shellabarger (Ohio politician),OH,,,,,,,,,,,,,,,,,,,,,,,,,,,,,,,,,,,,,,,,,,
S000818,Mick Staton,WV,,,,,,,,,,,,,,,,,,,,,,,,,,,,,,,,,,,,,,,,,,
U000028,Christopher C. Upson,TX,,,,,,,,,,,,,,,,,,,,,,,,,,,,,,,,,,,,,,,,,,
J000181,William Richard Johnson,IL,,,,,,,,,,,,,,,,,,,,,,,,,,,,,,,,,,,,,,,,,,
R000511,Arthur Ringwalt Rupley,PA,,,,,,,,,,,,,,,,,,,,,,,,,,,,,,,,,,,,,,,,,,
S001106,Burton E. Sweet,IA,,,,,,,,,,,,,,,,,,,,,,,,,,,,,,,,,,,,,,,,,,
T000279,John Q. Tilson,CT,,,,,,,,,,,,,,,,,,,,,,,,,,,,,,,,,,,,,,,,,,
L000069,Odin Langen,MN,,,,,,,,,,,,,,,,,,,,,,,,,,,,,,,,,,,,,,,,,,
K000322,Ken Kramer,CO,,,,,,,,,,,,,,,,,,,,,,,,,,,,,,,,,,,,,,,,,,
L000022,William G. Laidlaw,NY,,,,,,,,,,,,,,,,,,,,,,,,,,,,,,,,,,,,,,,,,,
M000406,Alexander S. McDill,WI,,,,,,,,,,,,,,,,,,,,,,,,,,,,,,,,,,,,,,,,,,
L000481,Lloyd Lowndes Jr.,MD,,,,,,,,,,,,,,,,,,,,,,,,,,,,,,,,,,,,,,,,,,
M000313,John H. McCarthy,NY,,,,,,,,,,,,,,,,,,,,,,,,,,,,,,,,,,,,,,,,,,
S000776,Robert Stafford,VT,,,,,,,,,,,,,,,,,,,,,,,,,,,,,,,,,,,,,,,,,,
W000710,William Woodburn,NV,,,,,,,,,,,,,,,,,,,,,,,,,,,,,,,,,,,,,,,,,,
R000168,John E. Reyburn,PA,,,,,,,,,,,,,,,,,,,,,,,,,,,,,,,,,,,,,,,,,,
T000006,John Taffe,NE,,,,,,,,,,,,,,,,,,,,,,,,,,,,,,,,,,,,,,,,,,
L000208,William Henry Fitzhugh Lee,VA,,,,,,,,,,,,,,,,,,,,,,,,,,,,,,,,,,,,,,,,,,
M001221,Marcus Molinaro,NY,,,,,,,,,,,,,,,,,,,,,,,,,,,,,,,,,,,,,,,,,,
T000177,Elmer Thomas,OK,,,,,,,,,,,,,,,,,,,,,,,,,,,,,,,,,,,,,,,,,,
L000064,Lafayette Lane,OR,,,,,,,,,,,,,,,,,,,,,,,,,,,,,,,,,,,,,,,,,,
O000166,Butch Otter,ID,,,,,,,,,,,,,,,,,,,,,,,,,,,,,,,,,,,,,,,,,,
R000475,Edmund Rowe,OH,,,,,,,,,,,,,,,,,,,,,,,,,,,,,,,,,,,,,,,,,,
H001077,Clay Higgins,LA,,,,,,,,,,,,,,,,,,,,,,,,,,,,,,,,,,,,,,,,,,
K000008,Paul Kanjorski,PA,,,,,,,,,,,,,,,,,,,,,,,,,,,,,,,,,,,,,,,,,,
L000253,Montague Lessler,NY,,,,,,,,,,,,,,,,,,,,,,,,,,,,,,,,,,,,,,,,,,
W000194,Wes Watkins,OK,,,,,,,,,,,,,,,,,,,,,,,,,,,,,,,,,,,,,,,,,,
T000419,Erastus J. Turner,KS,,,,,,,,,,,,,,,,,,,,,,,,,,,,,,,,,,,,,,,,,,
K000366,Ron Klein,FL,,,,,,,,,,,,,,,,,,,,,,,,,,,,,,,,,,,,,,,,,,
L000020,Robert J. Lagomarsino,CA,,,,,,,,,,,,,,,,,,,,,,,,,,,,,,,,,,,,,,,,,,
K000357,Steven T. Kuykendall,CA,,,,,,,,,,,,,,,,,,,,,,,,,,,,,,,,,,,,,,,,,,
S000988,Horace B. Strait,MN,,,,,,,,,,,,,,,,,,,,,,,,,,,,,,,,,,,,,,,,,,
P000554,John V. L. Pruyn,NY,,,,,,,,,,,,,,,,,,,,,,,,,,,,,,,,,,,,,,,,,,
S001056,John B. Sullivan,MO,,,,,,,,,,,,,,,,,,,,,,,,,,,,,,,,,,,,,,,,,,
S001063,Cyrus A. Sulloway,NH,,,,,,,,,,,,,,,,,,,,,,,,,,,,,,,,,,,,,,,,,,
S000463,Joe Skeen,NM,,,,,,,,,,,,,,,,,,,,,,,,,,,,,,,,,,,,,,,,,,
N000156,Patrick Daniel Norton,ND,,,,,,,,,,,,,,,,,,,,,,,,,,,,,,,,,,,,,,,,,,
W000578,Eugene McLanahan Wilson,MN,,,,,,,,,,,,,,,,,,,,,,,,,,,,,,,,,,,,,,,,,,
R000316,William R. Roberts,NY,,,,,,,,,,,,,,,,,,,,,,,,,,,,,,,,,,,,,,,,,,
L000332,Neil J. Linehan,IL,,,,,,,,,,,,,,,,,,,,,,,,,,,,,,,,,,,,,,,,,,
V000038,Henry Smith Van Eaton,MS,,,,,,,,,,,,,,,,,,,,,,,,,,,,,,,,,,,,,,,,,,
P000241,Aaron F. Perry,OH,,,,,,,,,,,,,,,,,,,,,,,,,,,,,,,,,,,,,,,,,,
P000127,Roscoe C. Patterson,MO,,,,,,,,,,,,,,,,,,,,,,,,,,,,,,,,,,,,,,,,,,
P000031,William W. Paine,GA,,,,,,,,,,,,,,,,,,,,,,,,,,,,,,,,,,,,,,,,,,
P000592,Ted Poe,TX,,,,,,,,,,,,,,,,,,,,,,,,,,,,,,,,,,,,,,,,,,
P000253,John A. Peters (1864–1953),ME,,,,,,,,,,,,,,,,,,,,,,,,,,,,,,,,,,,,,,,,,,
L000145,John W. Lawson,VA,,,,,,,,,,,,,,,,,,,,,,,,,,,,,,,,,,,,,,,,,,
M000023,Buddy MacKay,FL,,,,,,,,,,,,,,,,,,,,,,,,,,,,,,,,,,,,,,,,,,
L000565,Dave Loebsack,IA,,,,,,,,,,,,,,,,,,,,,,,,,,,,,,,,,,,,,,,,,,
K000342,Stanley H. Kunz,IL,,,,,,,,,,,,,,,,,,,,,,,,,,,,,,,,,,,,,,,,,,
L000355,Charles E. Littlefield,ME,,,,,,,,,,,,,,,,,,,,,,,,,,,,,,,,,,,,,,,,,,
S000708,James Z. Spearing,LA,,,,,,,,,,,,,,,,,,,,,,,,,,,,,,,,,,,,,,,,,,
V000100,Beverly M. Vincent,KY,,,,,,,,,,,,,,,,,,,,,,,,,,,,,,,,,,,,,,,,,,
W000752,George C. Wortley,NY,,,,,,,,,,,,,,,,,,,,,,,,,,,,,,,,,,,,,,,,,,
W000487,Alpheus S. Williams,MI,,,,,,,,,,,,,,,,,,,,,,,,,,,,,,,,,,,,,,,,,,
R000547,J. T. Rutherford,TX,,,,,,,,,,,,,,,,,,,,,,,,,,,,,,,,,,,,,,,,,,
H001035,Katherine Harris,FL,,,,,,,,,,,,,,,,,,,,,,,,,,,,,,,,,,,,,,,,,,
T000149,John R. Thayer,MA,,,,,,,,,,,,,,,,,,,,,,,,,,,,,,,,,,,,,,,,,,
R000402,Sion Hart Rogers,NC,,,,,,,,,,,,,,,,,,,,,,,,,,,,,,,,,,,,,,,,,,
T000436,J. Russell Tuten,GA,,,,,,,,,,,,,,,,,,,,,,,,,,,,,,,,,,,,,,,,,,
J000050,Hinton James (representative),NC,,,,,,,,,,,,,,,,,,,,,,,,,,,,,,,,,,,,,,,,,,
S001145,Jan Schakowsky,IL,,,,,,,,,,,,,,,,,,,,,,,,,,,,,,,,,,,,,,,,,,
O000082,Archibald E. Olpp,NJ,,,,,,,,,,,,,,,,,,,,,,,,,,,,,,,,,,,,,,,,,,
L000043,Nick Lampson,TX,,,,,,,,,,,,,,,,,,,,,,,,,,,,,,,,,,,,,,,,,,
S000170,George Cromwell Scott,IA,,,,,,,,,,,,,,,,,,,,,,,,,,,,,,,,,,,,,,,,,,
O000072,Frank A. Oliver,NY,,,,,,,,,,,,,,,,,,,,,,,,,,,,,,,,,,,,,,,,,,
M000466,Paul McHale,PA,,,,,,,,,,,,,,,,,,,,,,,,,,,,,,,,,,,,,,,,,,
N000143,Anne Northup,KY,,,,,,,,,,,,,,,,,,,,,,,,,,,,,,,,,,,,,,,,,,
M000280,William C. Maybury,MI,,,,,,,,,,,,,,,,,,,,,,,,,,,,,,,,,,,,,,,,,,
L000341,William S. Linton,MI,,,,,,,,,,,,,,,,,,,,,,,,,,,,,,,,,,,,,,,,,,
W000171,Charles G. Washburn,MA,,,,,,,,,,,,,,,,,,,,,,,,,,,,,,,,,,,,,,,,,,
M000158,Leroy T. Marshall,OH,,,,,,,,,,,,,,,,,,,,,,,,,,,,,,,,,,,,,,,,,,
K000370,Suzanne Kosmas,FL,,,,,,,,,,,,,,,,,,,,,,,,,,,,,,,,,,,,,,,,,,
N000029,Adolphus Peter Nelson,WI,,,,,,,,,,,,,,,,,,,,,,,,,,,,,,,,,,,,,,,,,,
R000400,John Jacob Rogers,MA,,,,,,,,,,,,,,,,,,,,,,,,,,,,,,,,,,,,,,,,,,
S000742,Charles F. Sprague,MA,,,,,,,,,,,,,,,,,,,,,,,,,,,,,,,,,,,,,,,,,,
T000415,Charles Henry Turner (U.S. Representative),NY,,,,,,,,,,,,,,,,,,,,,,,,,,,,,,,,,,,,,,,,,,
T000283,George H. Tinkham,MA,,,,,,,,,,,,,,,,,,,,,,,,,,,,,,,,,,,,,,,,,,
P000112,Liz J. Patterson,SC,,,,,,,,,,,,,,,,,,,,,,,,,,,,,,,,,,,,,,,,,,
K000387,Steve Knight (politician),CA,,,,,,,,,,,,,,,,,,,,,,,,,,,,,,,,,,,,,,,,,,
W000338,Joseph Wheeler,AL,,,,,,,,,,,,,,,,,,,,,,,,,,,,,,,,,,,,,,,,,,
M001059,Sydney Emanuel Mudd I,MD,,,,,,,,,,,,,,,,,,,,,,,,,,,,,,,,,,,,,,,,,,
J000149,Jay Johnson (politician),WI,,,,,,,,,,,,,,,,,,,,,,,,,,,,,,,,,,,,,,,,,,
W000782,Louis C. Wyman,NH,,,,,,,,,,,,,,,,,,,,,,,,,,,,,,,,,,,,,,,,,,
W000339,Loren E. Wheeler,IL,,,,,,,,,,,,,,,,,,,,,,,,,,,,,,,,,,,,,,,,,,
M000183,James G. Martin,NC,,,,,,,,,,,,,,,,,,,,,,,,,,,,,,,,,,,,,,,,,,
T000128,Herbert Tenzer,NY,,,,,,,,,,,,,,,,,,,,,,,,,,,,,,,,,,,,,,,,,,
K000076,Melville Clyde Kelly,PA,,,,,,,,,,,,,,,,,,,,,,,,,,,,,,,,,,,,,,,,,,
S000011,George G. Sadowski,MI,,,,,,,,,,,,,,,,,,,,,,,,,,,,,,,,,,,,,,,,,,
M000015,Ronald Machtley,RI,,,,,,,,,,,,,,,,,,,,,,,,,,,,,,,,,,,,,,,,,,
P000118,James O. Patterson,SC,,,,,,,,,,,,,,,,,,,,,,,,,,,,,,,,,,,,,,,,,,
P000137,David Henry Patton,IN,,,,,,,,,,,,,,,,,,,,,,,,,,,,,,,,,,,,,,,,,,
L000286,John H. Lewis,IL,,,,,,,,,,,,,,,,,,,,,,,,,,,,,,,,,,,,,,,,,,
H001081,Jahana Hayes,CT,,,,,,,,,,,,,,,,,,,,,,,,,,,,,,,,,,,,,,,,,,
R000208,John Treadway Rich,MI,,,,,,,,,,,,,,,,,,,,,,,,,,,,,,,,,,,,,,,,,,
M000646,Ulysses Mercur,PA,,,,,,,,,,,,,,,,,,,,,,,,,,,,,,,,,,,,,,,,,,
S000527,Denny Smith,OR,,,,,,,,,,,,,,,,,,,,,,,,,,,,,,,,,,,,,,,,,,
M000405,James T. McDermott (politician),IL,,,,,,,,,,,,,,,,,,,,,,,,,,,,,,,,,,,,,,,,,,
K000290,J. Proctor Knott,KY,,,,,,,,,,,,,,,,,,,,,,,,,,,,,,,,,,,,,,,,,,
W000652,Morgan Ringland Wise,PA,,,,,,,,,,,,,,,,,,,,,,,,,,,,,,,,,,,,,,,,,,
M000588,Frank Joseph McNulty,NJ,,,,,,,,,,,,,,,,,,,,,,,,,,,,,,,,,,,,,,,,,,
M000273,Catherine Dean May,WA,,,,,,,,,,,,,,,,,,,,,,,,,,,,,,,,,,,,,,,,,,
M000736,John Miller (Washington politician),WA,,,,,,,,,,,,,,,,,,,,,,,,,,,,,,,,,,,,,,,,,,
T000384,William I. Troutman,PA,,,,,,,,,,,,,,,,,,,,,,,,,,,,,,,,,,,,,,,,,,
L000583,Barry Loudermilk,GA,,,,,,,,,,,,,,,,,,,,,,,,,,,,,,,,,,,,,,,,,,
K000311,William Henry Koontz,PA,,,,,,,,,,,,,,,,,,,,,,,,,,,,,,,,,,,,,,,,,,
W000268,Curt Weldon,PA,,,,,,,,,,,,,,,,,,,,,,,,,,,,,,,,,,,,,,,,,,
T000364,Lyman Tremain,NY,,,,,,,,,,,,,,,,,,,,,,,,,,,,,,,,,,,,,,,,,,
R000082,Sam Rayburn,TX,,,,,,,,,,,,,,,,,,,,,,,,,,,,,,,,,,,,,,,,,,
R000428,Robert Roosevelt,NY,,,,,,,,,,,,,,,,,,,,,,,,,,,,,,,,,,,,,,,,,,
M001169,Chris Murphy,CT,,,,,,,,,,,,,,,,,,,,,,,,,,,,,,,,,,,,,,,,,,
S000031,Harry Sandager,RI,,,,,,,,,,,,,,,,,,,,,,,,,,,,,,,,,,,,,,,,,,
R000392,Edith Nourse Rogers,MA,,,,,,,,,,,,,,,,,,,,,,,,,,,,,,,,,,,,,,,,,,
M001045,Morgan M. Moulder,MO,,,,,,,,,,,,,,,,,,,,,,,,,,,,,,,,,,,,,,,,,,
P000422,Earl Pomeroy,ND,,,,,,,,,,,,,,,,,,,,,,,,,,,,,,,,,,,,,,,,,,
N000091,John Nichols (politician),NC,,,,,,,,,,,,,,,,,,,,,,,,,,,,,,,,,,,,,,,,,,
M000085,Stephen Mallory II,FL,,,,,,,,,,,,,,,,,,,,,,,,,,,,,,,,,,,,,,,,,,
R000004,George Radanovich,CA,,,,,,,,,,,,,,,,,,,,,,,,,,,,,,,,,,,,,,,,,,
S000885,Raymond Bartlett Stevens,NH,,,,,,,,,,,,,,,,,,,,,,,,,,,,,,,,,,,,,,,,,,
P000080,Stanford Parris,VA,,,,,,,,,,,,,,,,,,,,,,,,,,,,,,,,,,,,,,,,,,
K000369,Larry Kissell,NC,,,,,,,,,,,,,,,,,,,,,,,,,,,,,,,,,,,,,,,,,,
W000688,Alan Wood Jr.,PA,,,,,,,,,,,,,,,,,,,,,,,,,,,,,,,,,,,,,,,,,,
K000343,Theodore R. Kupferman,NY,,,,,,,,,,,,,,,,,,,,,,,,,,,,,,,,,,,,,,,,,,
N000179,Grace Napolitano,CA,,,,,,,,,,,,,,,,,,,,,,,,,,,,,,,,,,,,,,,,,,
N000125,Mae Nolan,CA,,,,,,,,,,,,,,,,,,,,,,,,,,,,,,,,,,,,,,,,,,
R000072,Arthur Ravenel Jr.,SC,,,,,,,,,,,,,,,,,,,,,,,,,,,,,,,,,,,,,,,,,,
L000002,George Augustus La Dow,OR,,,,,,,,,,,,,,,,,,,,,,,,,,,,,,,,,,,,,,,,,,
P000475,Norris Poulson,CA,,,,,,,,,,,,,,,,,,,,,,,,,,,,,,,,,,,,,,,,,,
S000185,Bobby Scott (politician),VA,,,,,,,,,,,,,,,,,,,,,,,,,,,,,,,,,,,,,,,,,,
S000117,Paul F. Schenck,OH,,,,,,,,,,,,,,,,,,,,,,,,,,,,,,,,,,,,,,,,,,
M001145,Denise Majette,GA,,,,,,,,,,,,,,,,,,,,,,,,,,,,,,,,,,,,,,,,,,
S000250,Pete Sessions,TX,,,,,,,,,,,,,,,,,,,,,,,,,,,,,,,,,,,,,,,,,,
J000125,Dewey Johnson (Minnesota politician),MN,,,,,,,,,,,,,,,,,,,,,,,,,,,,,,,,,,,,,,,,,,
S000022,William J. Samford,AL,,,,,,,,,,,,,,,,,,,,,,,,,,,,,,,,,,,,,,,,,,
W000361,Compton I. White,ID,,,,,,,,,,,,,,,,,,,,,,,,,,,,,,,,,,,,,,,,,,
Y000028,Andrew Young,GA,,,,,,,,,,,,,,,,,,,,,,,,,,,,,,,,,,,,,,,,,,
W000359,Cecil F. White,CA,,,,,,,,,,,,,,,,,,,,,,,,,,,,,,,,,,,,,,,,,,
M000411,John McDonald (Maryland politician),MD,,,,,,,,,,,,,,,,,,,,,,,,,,,,,,,,,,,,,,,,,,
P000264,M. Blaine Peterson,UT,,,,,,,,,,,,,,,,,,,,,,,,,,,,,,,,,,,,,,,,,,
S000920,Thomas E. Stewart,NY,,,,,,,,,,,,,,,,,,,,,,,,,,,,,,,,,,,,,,,,,,
K000260,John C. Kleczka,WI,,,,,,,,,,,,,,,,,,,,,,,,,,,,,,,,,,,,,,,,,,
W000695,Ira W. Wood,NJ,,,,,,,,,,,,,,,,,,,,,,,,,,,,,,,,,,,,,,,,,,
R000587,Reid Ribble,WI,,,,,,,,,,,,,,,,,,,,,,,,,,,,,,,,,,,,,,,,,,
W000650,James W. Wise,GA,,,,,,,,,,,,,,,,,,,,,,,,,,,,,,,,,,,,,,,,,,
M000294,William McAleer,PA,,,,,,,,,,,,,,,,,,,,,,,,,,,,,,,,,,,,,,,,,,
K000356,Peter Kyros,ME,,,,,,,,,,,,,,,,,,,,,,,,,,,,,,,,,,,,,,,,,,
M001173,Eric Massa,NY,,,,,,,,,,,,,,,,,,,,,,,,,,,,,,,,,,,,,,,,,,
S000278,Joseph Crockett Shaffer,VA,,,,,,,,,,,,,,,,,,,,,,,,,,,,,,,,,,,,,,,,,,
K000234,Andrew Jackson Kirk,KY,,,,,,,,,,,,,,,,,,,,,,,,,,,,,,,,,,,,,,,,,,
S000060,William Fletcher Sapp,IA,,,,,,,,,,,,,,,,,,,,,,,,,,,,,,,,,,,,,,,,,,
M001198,Roger Marshall (politician),KS,,,,,,,,,,,,,,,,,,,,,,,,,,,,,,,,,,,,,,,,,,
P000273,Shirley Neil Pettis,CA,,,,,,,,,,,,,,,,,,,,,,,,,,,,,,,,,,,,,,,,,,
K000278,Charles J. Knapp,NY,,,,,,,,,,,,,,,,,,,,,,,,,,,,,,,,,,,,,,,,,,
T000196,Charles Winston Thompson,AL,,,,,,,,,,,,,,,,,,,,,,,,,,,,,,,,,,,,,,,,,,
S001013,Julius L. Strong,CT,,,,,,,,,,,,,,,,,,,,,,,,,,,,,,,,,,,,,,,,,,
M000502,William Robertson McKenney,VA,,,,,,,,,,,,,,,,,,,,,,,,,,,,,,,,,,,,,,,,,,
R000569,Thomas M. Reynolds,NY,,,,,,,,,,,,,,,,,,,,,,,,,,,,,,,,,,,,,,,,,,
S001219,Joseph Sempolinski,NY,,,,,,,,,,,,,,,,,,,,,,,,,,,,,,,,,,,,,,,,,,
P000552,Winston L. Prouty,VT,,,,,,,,,,,,,,,,,,,,,,,,,,,,,,,,,,,,,,,,,,
P000215,Tim Penny,MN,,,,,,,,,,,,,,,,,,,,,,,,,,,,,,,,,,,,,,,,,,
L000529,Theodore Lyman III,MA,,,,,,,,,,,,,,,,,,,,,,,,,,,,,,,,,,,,,,,,,,
S000389,Alonzo C. Shuford,NC,,,,,,,,,,,,,,,,,,,,,,,,,,,,,,,,,,,,,,,,,,
S001135,Michelle Steel,CA,,,,,,,,,,,,,,,,,,,,,,,,,,,,,,,,,,,,,,,,,,
P000269,Augustus Herman Pettibone,TN,,,,,,,,,,,,,,,,,,,,,,,,,,,,,,,,,,,,,,,,,,
W000374,Hays B. White,KS,,,,,,,,,,,,,,,,,,,,,,,,,,,,,,,,,,,,,,,,,,
P000293,Darwin Phelps,PA,,,,,,,,,,,,,,,,,,,,,,,,,,,,,,,,,,,,,,,,,,
P000148,Bill Paxon,NY,,,,,,,,,,,,,,,,,,,,,,,,,,,,,,,,,,,,,,,,,,
R000131,William Augustus Reeder,KS,,,,,,,,,,,,,,,,,,,,,,,,,,,,,,,,,,,,,,,,,,
N000126,Michael N. Nolan,NY,,,,,,,,,,,,,,,,,,,,,,,,,,,,,,,,,,,,,,,,,,
S000453,Norman Sisisky,VA,,,,,,,,,,,,,,,,,,,,,,,,,,,,,,,,,,,,,,,,,,
P000057,Hosea Washington Parker,NH,,,,,,,,,,,,,,,,,,,,,,,,,,,,,,,,,,,,,,,,,,
K000284,Charles Landon Knight,OH,,,,,,,,,,,,,,,,,,,,,,,,,,,,,,,,,,,,,,,,,,
Q000016,Jack Quinn (politician),NY,,,,,,,,,,,,,,,,,,,,,,,,,,,,,,,,,,,,,,,,,,
M000857,James Monroe (Ohio politician),OH,,,,,,,,,,,,,,,,,,,,,,,,,,,,,,,,,,,,,,,,,,
W000235,Ed Weber,OH,,,,,,,,,,,,,,,,,,,,,,,,,,,,,,,,,,,,,,,,,,
N000183,Glenn Nye,VA,,,,,,,,,,,,,,,,,,,,,,,,,,,,,,,,,,,,,,,,,,
P000488,D. Lane Powers,NJ,,,,,,,,,,,,,,,,,,,,,,,,,,,,,,,,,,,,,,,,,,
P000544,George M. Pritchard,NC,,,,,,,,,,,,,,,,,,,,,,,,,,,,,,,,,,,,,,,,,,
B000995,William Jennings Bryan,NE,William Jennings Bryan,52.0,53.0,NE,,Bryan,William,Jennings,,,,1860-03-19,M,rep,NE,1.0,,Democrat,,,,,,,,,,,,,,,,,401946.0,,,,1179.0,William Jennings Bryan,William Bryan,both
E000067,Edwin Edwards,LA,Edwin Washington Edwards,89.0,92.0,LA,,Edwards,Edwin,Washington,,,,1927-08-07,M,rep,LA,7.0,,Democrat,,,,,,,,,,,,,,,,,403760.0,,,,10787.0,Edwin Edwards,Edwin Edwards,both
G000596,Marjorie Taylor Greene,GA,Marjorie Taylor Greene,117.0,118.0,GA,,,,,,,,,,,,,,,,,,,,,,,,,,,,,,,,,,,,,,left_only
J000289,Jim Jordan (American politician),OH,Jim Jordan,110.0,118.0,OH,,Jordan,Jim,,,,Jim Jordan,1964-02-17,M,rep,OH,4.0,,Republican,https://jordan.house.gov,2056 Rayburn House Office Building Washington DC 20515-3504,202-225-2676,,http://jordan.house.gov/news/rss.aspx,Jim_Jordan,18166778.0,repjimjordan,RepJimJordan,UCPFBhS00ivPV585GlnNlyqA,,1868.0,N00027894,,H6OH04082,1022879.0,412226.0,8158.0,Jim Jordan,,20738.0,Jim Jordan (American politician),Jim Jordan,both
L000320,Charles August Lindbergh,MN,Charles August Lindbergh,60.0,64.0,MN,,Lindbergh,Charles,August,,,,1859-01-20,M,rep,MN,6.0,,Republican,,,,,,,,,,,,,,,,,406814.0,,,,5673.0,Charles August Lindbergh,Charles Lindbergh,both
M000122,Vito Marcantonio,NY,Vito Anthony Marcantonio,74.0,81.0,NY,,Marcantonio,Vito,Anthony,,,,1902-12-10,M,rep,NY,18.0,,American Labor,,,,,,,,,,,,,,,,,407146.0,,,,5974.0,Vito Marcantonio,Vito Marcantonio,both
P000583,Ron Paul,TX,Ronald Ernest Paul,94.0,112.0,TX,,Paul,Ronald,E.,,Ron,Ron Paul,1935-08-20,M,rep,TX,14.0,,Republican,http://www.house.gov/paul,203 Cannon HOB; Washington DC 20515-4314,202-225-2831,http://www.house.gov/paul/contact.shtml,,,,,,,,900.0,N00005906,,H6TX22101,45747.0,400311.0,296.0,,,14290.0,Ron Paul,Ronald Paul,both
S000033,Bernie Sanders,VT,Bernard Sanders,102.0,109.0,VT,,Sanders,Bernard,,,Bernie,Bernard Sanders,1941-09-08,M,sen,VT,,1.0,Independent,https://www.sanders.senate.gov,332 Dirksen Senate Office Building Washington DC 20510,202-224-5141,https://www.sanders.senate.gov/contact/,http://www.sanders.senate.gov/rss/,SenSanders,29442313.0,senatorsanders,senatorsanders,UCD_DaKNac0Ta-2PeHuoQ1uA,,1010.0,N00000528,S313,"H8VT01016,S4VT00033",994.0,400357.0,27110.0,Bernie Sanders,,29147.0,Bernie Sanders,Bernard Sanders,both
S000133,John G. Schmitz,CA,John George Schmitz,91.0,92.0,CA,,Schmitz,John,George,,,,1930-08-12,M,rep,CA,35.0,,Republican,,,,,,,,,,,,,,,,,409641.0,,,,12043.0,John G. Schmitz,John Schmitz,both
S000432,Jerry Simpson,KS,Jeremiah (Jerry) Simpson,52.0,55.0,KS,,Simpson,Jeremiah,,,Jerry,,1842-03-31,M,rep,KS,7.0,,Populist,,,,,,,,,,,,,,,,,409926.0,,,,8529.0,Jerry Simpson,Jeremiah Simpson,both
W000205,Thomas E. Watson,GA,Thomas Edward Watson,52.0,52.0,GA,,Watson,Thomas,Edward,,,,1856-09-05,M,sen,GA,,3.0,Democrat,,,,,,,,,,,,,,,,,411376.0,,,,9877.0,Thomas E. Watson,Thomas Watson,both
B001040,James Buffington (politician),MA,James Buffinton,34.0,44.0,MA,,Buffinton,James,,,,,1817-03-16,M,rep,MA,1.0,,Republican,,,,,,,,,,,,,,,,,401991.0,,,,1220.0,James Buffington (politician),James Buffinton,both
K000195,Carleton J. King,NY,Carleton James King,87.0,93.0,NY,,King,Carleton,James,,,,1904-06-15,M,rep,NY,29.0,,Republican,,,,,,,,,,,,634.0,,,,,406356.0,,,,10530.0,Carleton J. King,Carleton King,both
H000863,George Evan Howell,IL,George Evan Howell,77.0,80.0,IL,,Howell,George,Evan,,,,1905-09-21,M,rep,IL,21.0,,Republican,,,,,,,,,,,,,,,,,405710.0,,,,4648.0,George Evan Howell,George Howell,both
J000122,Cave Johnson,TN,Cave Johnson,21.0,28.0,TN,,Johnson,Cave,,,,,1793-01-11,M,rep,TN,9.0,,Democrat,,,,,,,,,,,,,,,,,406022.0,,,,4945.0,Cave Johnson,Cave Johnson,both
S000941,Richard Stockton (U.S. senator),NJ,Richard Stockton,13.0,13.0,NJ,,Stockton,Richard,,,,,1764-04-17,M,rep,NJ,2.0,,Federalist,,,,,,,,,,,,,,,,,410400.0,,,,8964.0,Richard Stockton (U.S. senator),Richard Stockton,both
B000986,Henry Hunter Bryan,TN,Henry Hunter Bryan,16.0,17.0,TN,,Bryan,Henry,Hunter,,,,1786-02-23,M,rep,TN,6.0,,Republican,,,,,,,,,,,,,,,,,401938.0,,,,1171.0,Henry Hunter Bryan,Henry Bryan,both
B001175,Chester Pierce Butler,PA,Chester Pierce Butler,30.0,31.0,PA,,Butler,Chester,Pierce,,,,1798-03-21,M,rep,PA,11.0,,Whig,,,,,,,,,,,,,,,,,402117.0,,,,1336.0,Chester Pierce Butler,Chester Butler,both
F000297,Abiel Foster,NH,Abiel Foster,1.0,7.0,NH,,Foster,Abiel,,,,,1735-08-08,M,rep,NH,-1.0,,Federalist,,,,,,,,,,,,,,,,,404246.0,,,,3299.0,Abiel Foster,Abiel Foster,both
M000882,Malcolm A. Moody,OR,Malcolm Adelbert Moody,56.0,57.0,OR,,Moody,Malcolm,Adelbert,,,,1854-11-30,M,rep,OR,2.0,,Republican,,,,,,,,,,,,,,,,,407854.0,,,,6616.0,Malcolm A. Moody,Malcolm Moody,both
P000119,James T. Patterson (politician),CT,James Thomas Patterson,80.0,85.0,CT,,Patterson,James,Thomas,,,,1908-10-20,M,rep,CT,5.0,,Republican,,,,,,,,,,,,,,,,,408527.0,,,,7245.0,James T. Patterson (politician),James Patterson,both
B000919,Hank Brown,CO,George Hanks (Hank) Brown,97.0,101.0,CO,,Brown,George,Hanks,,Hank,,1940-02-12,M,sen,CO,,2.0,Republican,,,,,,,,,,,,135.0,,S214,,,401874.0,,,,14803.0,Hank Brown,George Brown,both
C000031,George Caldwell (politician),KY,George Alfred Caldwell,28.0,31.0,KY,,Caldwell,George,Alfred,,,,1814-10-18,M,rep,KY,4.0,,Democrat,,,,,,,,,,,,,,,,,402192.0,,,,1405.0,George Caldwell (politician),George Caldwell,both
L000457,Peter Early Love,GA,Peter Early Love,36.0,36.0,GA,,Love,Peter,Early,,,,1818-07-07,M,rep,GA,1.0,,Democrat,,,,,,,,,,,,,,,,,406946.0,,,,5793.0,Peter Early Love,Peter Love,both
C000716,Daniel Pope Cook,IL,Daniel Pope Cook,16.0,19.0,IL,,Cook,Daniel,Pope,,,,,M,rep,IL,1.0,,Adams,,,,,,,,,,,,,,,,,402839.0,,,,2015.0,Daniel Pope Cook,Daniel Cook,both
G000076,Muscoe Russell Hunter Garnett,VA,Muscoe Russell Hunter Garnett,34.0,36.0,VA,,Garnett,Muscoe,Russell Hunter,,,,1821-07-25,M,rep,VA,1.0,,Democrat,,,,,,,,,,,,,,,,,404448.0,,,,3484.0,Muscoe Russell Hunter Garnett,Muscoe Garnett,both
